key,group,text,label_market_link,label_topic,label_names,rules v1 market_link,rules v1 topic,rules v1 names,ai:vote v1 market_link,ai:vote v1 topic,ai:vote v1 names
truth_social:108324557382836548,early,"Take the money and run (or stay!). The PGA of “America” and the PGA Tour have been taking advantage of the players for many years (not much different than charging the fans $19 for a beer), and the players are not happy. The “PGA” has maximum Tax Exempt Status, makes a fortune, and pays executives salaries higher than virtually any of the the very talented players can make in a good year. LIV can change that! Backed by Saudi Arabia (just like Formula One, UFC, Boxing, Tennis & almost all of……",False,other,FWONK:e,True,taxes_budget,,False,,
truth_social:108371807946709517,early,"The “recount” of the Dr. Oz Senate race in Pennsylvania continues. Almost two weeks now, and counting. Any big surprises in store? What does the WSJ Ed Board think now? Not exactly transparent, right? Our elections are strictly Third World. Go to SAME DAY VOTING, PAPER BALLOTS! France and others go quickly and accurately. GET SMART AMERICA!",False,elections,,False,elections,,False,,
truth_social:108481324241048332,early,"Every single endorsed by Trump candidate won last night, by big margins, with the exception of one very long shot who did FAR better than anticipated against an incumbent.The “Impeacher” was ousted without even a runoff. A GREAT night!",False,elections,,False,elections,,False,,
truth_social:108698214789182145,early,“Larry Hogan's White House Hopes Dashed by Maryland Primary Results” https://www.newsmax.com/politics/maryland-larry-hogan-primary/2022/07/20/id/1079524/,False,elections,,False,elections,,False,,
truth_social:109043005696022383,early,“Nolte: Tim – ‘Kill’ MAGA ‘Republicans’ – Ryan Down 4 Points Against J.D. Vance” https://www.breitbart.com/politics/2022/09/16/nolte-tim-kill-maga-republicans-ryan-down-4-points-j-d-vance/,False,elections,,False,other,,False,,
truth_social:109145396583313016,early,“President Trump Blasts Speaker Pelosi For Stock Trading” https://www.oann.com/newsroom/pres-trump-blasts-speaker-pelosi-for-stock-trading/,False,other,,False,other,,False,,
truth_social:109343263845777288,early,"Hopefully, tomorrow will turn out to be one of the most important days in the history of our Country!",False,other,,False,other,,False,,
truth_social:109474401947683670,early,Weaponization like never before. So terrible! https://thefederalist.com/2022/12/02/merrick-garland-ignores-calls-for-hunter-biden-probe-to-instead-interfere-with-trumps-2024-chances/,False,courts,,False,other,,False,,
truth_social:109625386575717982,early,"“Lawyer claims that the Department of Justice is hiding hundreds of records on Hunter and Jim Biden.” Maria Bartiromo. These records lead to, and implicate, Joe Biden and the many millions of dollars that have been stolen over the years. Why isn’t the Radical Left DOJ, and the Corrupt, Election Changing DBI (Democrat Bureau of Investigation), coming “CLEAN?” After 7 years of investigations on me, and even Spying on my Campaign, they found NOTHING! How about spending some time and effort on Joe?",False,courts,,False,elections,,False,,
truth_social:110045231517991534,early,"IT’S TIME!!! WE ARE A NATION IN STEEP DECLINE, BEING LED INTO WORLD WAR III BY A CROOKED POLITICIAN WHO DOESN’T EVEN KNOW HE’S ALIVE, BUT WHO IS SURROUNDED BY EVIL & SINISTER PEOPLE WHO, BASED ON THEIR ACTIONS ON DEFUNDING THE POLICE, DESTROYING OUR MILITARY, OPEN BORDERS, NO VOTER I.D., INFLATION, RAISING TAXES, & MUCH MORE, CAN ONLY HATE OUR NOW FAILING USA. WE JUST CAN’T ALLOW THIS ANYMORE. THEY’RE  KILLING OUR NATION AS WE SIT BACK & WATCH. WE MUST SAVE AMERICA!PROTEST, PROTEST, PROTEST!!!",False,courts,,True,taxes_budget,,False,,
truth_social:110072682419000881,early,"WHY WON’T BRAGG DROP THIS CASE? EVERYBODY SAYS THERE IS NO CRIME HERE. I DID NOTHING WRONG! IT WAS ALL MADE UP BY A CONVICTED NUT JOB WITH ZERO CREDIBILITY, WHO HAS BEEN DISPUTED BY HIGHLY RESPECTED PROFESSIONALS AT EVERY TURN. BRAGG REFUSES TO STOP DESPITE OVERWHELMING EVIDENCE TO THE CONTRARY. HE IS A SOROS BACKED ANIMAL WHO JUST DOESN’T CARE ABOUT RIGHT OR WRONG NO MATTER HOW MANY PEOPLE ARE HURT. THIS IS NO LEGAL SYSTEM, THIS IS THE GESTAPO, THIS IS RUSSIA AND CHINA, BUT WORSE. DISGRACEFUL!",False,courts,,False,courts,,False,,
truth_social:110250800217769866,early,"So why would a very disloyal Ron DeSanctimonious be considered even a good politician? He was DONE when he came to see me, losing badly to Agriculture Commissioner Adam Putnam by insurmountable numbers. Ron was performing poorly as a candidate, getting beaten at every turn, when he asked (begged!) me for my Endorsement, which I gave him. His then losing campaign immediately turned around, & he easily won the Republican Nomination. My Rallies then won him the General…THANKS PRESIDENT TRUMP!",False,elections,,False,elections,,False,,
truth_social:110375084258316262,early,"The Durham Report spells out in great detail the Democrat Hoax that was perpetrated upon me and the American people. This is 2020 Presidential Election Fraud, ￼just like “stuffing” the ballot boxes, only more so. This totally illegal act had a huge impact on the Election. With an honest Media, we are looking at the Crime of the Century!",False,courts,,False,elections,,False,,
truth_social:110511549204568607,early,"“This is a political attack job, look at the fact pattern over the last 7 years…” @SebGorka",False,courts,,False,other,,False,,
truth_social:110550283506811833,early,"SO NOW THAT EVERYONE UNDERSTANDS THAT THE PRESIDENTIAL RECORDS ACT, PLUS THE CLINTON SOCKS CASE, TOTALLY EXONERATED ME FROM THE CONTINUING WITCH HUNT BROUGHT ON BY CORRUPT JOE BIDEN, THE DOJ, DERANGED JACK SMITH, AND THEIR RADICAL LEFT, MARXIST THUGS, WHEN ARE THEY GOING TO DROP ALL CHARGES AGAINST ME, APOLOGIZE, AND RETURN EVERYTHING THAT WAS ILLEGALLY TAKEN (FOURTH AMENDMENT) FROM MY HOME? THIS WAS NOTHING OTHER THAN ELECTION INTERFERENCE!!!",False,courts,,False,elections,,False,,
truth_social:110650989332032059,early,TRUTH IS HOT!!!,False,other,,False,other,,False,,
truth_social:110657520096692090,early,“IN DEFENSE OF DONALD TRUMP” https://www.americanthinker.com/articles/2023/07/in_defense_of_donald_trump_.html,False,other,,False,other,,False,,
truth_social:110945310048428845,early,"Robert Jeffress: “We need a strong, pro-life President, and I believe that President should be Donald Trump!” https://vimeo.com/857014591",False,elections,,False,other,,False,,
truth_social:111013167287973514,early,Biden has been horrible to the Black Community! https://justthenews.com/politics-policy/holdrepublicans-see-opportunity-win-black-voters-biden-bleeds-support,False,elections,,False,other,,False,,
truth_social:111019761485786681,early,"For 7 years Mike Pence only spoke well of me. Now he’s decided to go to the “Dark Side.” Why didn’t he do this years before, just like why didn’t DOJ and Deranged Jack Smith bring these Fake Indictments three years ago. Why did they wait until the middle of my Campaign where I am beating DeSanctimonious and all others badly, and beating Biden in almost every Poll?",False,elections,,False,elections,,False,,
truth_social:111240996008144556,early,BIG WIN IN LOUISIANA LAST NIGHT. A REPUBLICAN REPLACES A DEMOCRAT GOVERNOR. NICE!,False,elections,,False,other,,False,,
truth_social:111308868603334004,early,“Biden V. Trump War V. Peace” https://amac.us/newsline/society/biden-v-trump-war-v-peace/,False,elections,,True,war,,False,,
truth_social:111361158323359915,early,"60 Minutes? So, if the Vice President didn’t have the power to act (Sending votes back to Legislatures for rechecking and rapid approval, UNLESS THEY FOUND FRAUD, OR SOMETHING WRONG WITH THE VOTE COUNTING!), why did the RINOS & Democrats get together and CHANGE THE LAW so that (A) Vice President in the future wouldn’t do what these people said he couldn’t do? If he couldn’t do it, they would not have changed the law. Those same people would have told you, but only AFTER the Election, that a V.P. HAD the right to send them back to the States for recertification, and they didn’t like that, so they changed the law, taking away that right. I disagree because if Fraud is found, fix it! 60 Minutes: “Last year, Democrats and Republicans past an Electoral Count Law. It now CLARIFIES a Vice President’s role is to read, not judge, the votes.” The fact that they had to CLARIFY THE LAW means that there was UNCERTAINTY, which means that it was open to INTERPRETATION. It could have been done!",False,elections,,False,elections,,False,,
truth_social:111376632128824245,early,“How Is Trump Winning? The Answer Is That He’s Running on the Issues”,False,elections,,False,other,,False,,
truth_social:111471966891188733,early,This Rigged Case should be ended immediately. POLITICAL WITCH HUNT!,False,courts,,False,courts,,False,,
truth_social:111482667285702469,early,"Whenever I sarcastically insert the name Obama for Biden as an indication that others may actually be having a very big influence in running our Country, Ron DeSanctimonious and his failing campaign apparatus, together with the Democrat’s Radical Left “Disinformation Machine,” go wild saying that “Trump doesn’t know the name of our President, (CROOKED!) Joe Biden.  He must be cognitively impaired.” No, I know both names very well, never mix them up, and know that they are destroying our Country. Also, and as reported, I just took a cognitive test as part of my Physical Exam, and ACED it. Also ACED (a perfect score!) one taken while in the White House. Biden should take one so we can determine why he wants Open Borders, No Energy Independence, A Woke Military, High Inflation, No Voter I.D., Men playing In Women’s Sports, Only Electric Cars & Trucks, A Weaponized DOJ/FBI, and so many other CRAZY things!!!",False,elections,,True,economy,,False,,
truth_social:111517519472995845,early,John Nolte truly “gets it!” https://www.breitbart.com/the-media/2023/11/30/nolte-incredible-shrinking-washington-post-shrinks-by-240-more-staffers/,False,media,,False,other,,False,,
truth_social:111574157422876073,early,"Join me LIVE tonight in Coralville, Iowa at 6pmCST—7pmEST. Will be on @RSBN, @NewsMax, @realamericasvoice, @OAN, and Donald J. Trump @rumble, among others. MAGA! https://rumble.com/v412212-president-trump-in-coralville-ia.html",False,elections,,False,media,,False,,
truth_social:111601843274020103,early,Crooked Joe Biden is a THREAT TO DEMOCRACY!!!,False,elections,,False,other,,False,,
truth_social:111654905785034182,early,MAKE AMERICA GREAT AGAIN!,False,other,,False,other,,False,,
truth_social:111670545639250744,early,"Fishermen, Loggers, & Lobstermen, who voted for President Trump overwhelmingly, are furious with this non-Lawyer Sec. of State. https://www.breitbart.com/politics/2023/12/29/maine-secretary-state-makes-legal-ruling-striking-trump-ballot-based-youtube-videos/",False,elections,,False,other,,False,,
truth_social:111698468981731044,early,"Vanity Fair: “In the last week you have gone from living a pretty private life to being very much in the public eye. What has that been like?”E. Jean Carroll: “Fabulous. Buoyant. It’s almost merry…As I was talking to somebody on the phone yesterday, a man just stood in front of me bowing as I talked on the phone. It was amazing. It was like he was standing in front of Queen Elizabeth.”",False,courts,,False,other,,False,,
truth_social:111704041981709985,early,"CROOKED JOE BIDEN and the Radical Left Democrats, together with their minions in the DOJ, are coming after me, that moron’s Political Opponent, like never before in the history of the USA. Crooked Joe is a Threat to Democracy!!! They are setting a horrible precedent for the future of our Country. Deranged Jack and Lisa, is it a 6 year Statute of Limitations, or just 5 years? Ask your slimeball Boss, Andrew Weissmann, what your next move will be. Does Crooked Joe Biden know, or understand, what you are doing to our Failing Nation??? ELECTION INTERFERENCE!!!",False,courts,,False,elections,,False,,
truth_social:111729863089116377,early,"Melania’s great mother, Amalija.",False,other,,False,other,,False,,
truth_social:111744686746959543,early,She has no chance of beating Biden or the Democrats! https://thenationalpulse.com/2024/01/11/data-trump-holds-8-point-lead-over-biden-haley-candidacy-would-result-in-general-election-loss/,False,elections,,False,other,,False,,
truth_social:111751374446046797,early,"I had no idea who this woman was. She wrote nonsense about me in her failed book, the press asked me if it was true, I said NO, and so it began - A totally fabricated story with another Trump hating Judge. Our legal system is TERRIBLE!!!",False,courts,,False,courts,,False,,
truth_social:111774417143306229,early,ELECTION INTERFERENCE!!!,False,elections,,False,elections,,False,,
truth_social:111794365490657388,early,"Kevin Roberts, the highly respected President of the Heritage Foundation, was a smart and wonderful guest, as interviewed by Pete Hegseth, on Fox & Friends (Sunday). Keep going, Kevin, get the word out!",False,media,,False,media,,False,,
truth_social:111800244721449287,early,"Vanity Fair: “In the last week you have gone from living a pretty private life to being very much in the public eye. What has that been like?”E. Jean Carroll: “Fabulous. Buoyant. It’s almost merry…As I was talking to somebody on the phone yesterday, a man just stood in front of me bowing as I talked on the phone. It was amazing. It was like he was standing in front of Queen Elizabeth.”",False,courts,,False,other,,False,,
truth_social:111851267798885761,early,"Congressman Randy Weber is a fantastic Representative of the people of Texas’ 14th Congressional District.Randy is tirelessly working to Secure our Border, Grow our Economy, Cut Regulations, Champion American Energy, Support our Military and Veterans, and Defend the Second Amendment.An original Member of our Texas Elected Leadership Team, Randy Weber has my Complete and Total Endorsement!",False,elections,,False,elections,,False,,
truth_social:111898680867410941,early,"Great news! As we are landing in Nevada, getting ready to go to Caucus, word just came that we overwhelmingly won the Virgin Islands Caucus, ALL Delegates, with almost 75% of the Vote. I have just called to thank those involved. They are celebrating, and having a great time - They deserve it! This has been a very Big Day for your Favorite President, the Republican Party, and Democracy!",False,elections,,False,elections,,False,,
truth_social:111977932880609765,early,MAKE AMERICA GREAT AGAIN! https://sc.donaldjtrump.com/,False,other,,False,other,,False,,
truth_social:111983956864523352,early,"Join me LIVE—at the Black Conservative Federation Gala in Columbia, South Carolina! https://rumble.com/v4dtvql-live-trump-keynotes-the-black-conservative-federation-gala-in-s.c.-22324.html",False,elections,,False,other,,False,,
truth_social:112027316145373690,early,"Congressman Randy Weber is a fantastic Representative of the people of Texas’ 14th Congressional District. Randy is tirelessly working to Secure our Border, Grow our Economy, Cut Regulations, Champion American Energy, Support our Military and Veterans, and Defend the Second Amendment. An original Member of our Texas Elected Leadership Team, Randy Weber has my Complete and Total Endorsement!",False,elections,,False,elections,,False,,
truth_social:112027316841016292,early,"Congresswoman Lauren Boebert is a Proven Conservative and Effective Leader who delivers for Colorado, and our America First agenda. She has led the fight to Impeach Joe Biden, Stop Illegal Immigration, Defend the Second Amendment, Protect our Wonderful Ranchers and Farmers, Support our Military and Veterans, Secure our Natural Resources to Pursue Energy Dominance, and Stand Up to the Radical Democrats who want to Destroy our Beautiful Country. Congresswoman Lauren Boebert is a trusted America First Fighter, and has my Complete and Total Endorsement for Colorado’s 4th Congressional District!",False,elections,,False,elections,,False,,
truth_social:112047141031510065,early,SUCCESS will bring unity to OUR COUNTRY! https://DonaldJTrump.com,False,other,,False,other,,False,,
truth_social:112083365187862856,early,"Robert Jeffress: “When it comes to protecting children, there’s absolutely no difference between Joe Biden, Kamala Harris, and Hamas. They’re all barbarians.”",False,elections,,False,other,,False,,
truth_social:112137039700795426,early,“LAWFARE AGAINST TRUMP”,False,courts,,False,courts,,False,,
truth_social:112162525538568392,early,"D.A. Bragg, working in close coordination with Crooked Joe Biden’s people/campaign, has no case against me. He admitted as much when he first took office. In fact, he was furious that they were pursuing such a ridiculous case, where there is no crime, all others in law enforcement had taken a pass, where reliance on a convicted LIAR and FELON, Michael Cohen, is necessary, and where a dirtbag lawyer named Mark Pomerantz did things that were really bad! But if only they could get Judge Juan Merchan - And they did, just like they did for other cases. So much for Random Choice! JUDGE MERCHAN SHOULD RECUSE HIMSELF, HE CANNOT GIVE ME A FAIR TRIAL. Likewise, for the sake of fairness, this “Political Opponent” trial should take place in Staten Island, with a new and unbiased judge. The trial should not be allowed to start in the middle of my campaign for President. They could have filed more than three years ago - THEY WAITED! THIS IS ANOTHER WITCH HUNT FOR PURPOSES OF ELECTION INTERFERENCE!!!",False,courts,,False,elections,,False,,
truth_social:112168130782172121,early,"Page 3: The Judge has to recuse himself immediately, and right the wrong committed by not doing so last year. If the Biased and Conflicted Judge is allowed to stay on this Sham “Case,” it will be another sad example of our Country becoming a Banana Republic, not the America we used to know and love. These are Election Interfering Witch Hunts. We will crush each one of these Hoaxes, and Make America Great Again!",False,courts,,False,elections,,False,,
truth_social:112266455374661045,early,"Due to universal outrage, and my TRUTH, Crooked Joe Biden has been forced to go back to the White House tonight, instead of tomorrow. Good!",False,other,,False,other,,False,,
truth_social:112277784738313285,early,"An incredible journalist, John Solomon—lost his father, Police Chief John F. “Jack” Solomon yesterday. He was a GREAT man and all MAGA. Will be missed! https://justthenews.com/nation/states/hold-super-sleuth-police-chief-father-just-news-founder-john-solomon-dies-82",False,other,,False,border_crime,,False,,
truth_social:112316422666754482,early,"A PRESIDENT OF THE UNITED STATES MUST HAVE FULL IMMUNITY, WITHOUT WHICH IT WOULD BE IMPOSSIBLE FOR HIM/HER TO PROPERLY FUNCTION. ANY MISTAKE, EVEN IF WELL INTENDED, WOULD BE MET WITH ALMOST CERTAIN INDICTMENT BY THE OPPOSING PARTY AT TERM END. EVEN EVENTS THAT “CROSS THE LINE” MUST FALL UNDER TOTAL IMMUNITY, OR IT WILL BE YEARS OF TRAUMA TRYING TO DETERMINE GOOD FROM BAD. THERE MUST BE CERTAINTY. EXAMPLE: YOU CAN’T STOP POLICE FROM DOING THE JOB OF STRONG & EFFECTIVE CRIME PREVENTION BECAUSE YOU WANT TO GUARD AGAINST THE SELDOM SEEN “ROGUE COP.” SOMETIMES YOU JUST HAVE TO LIVE WITH “GREAT BUT SLIGHTLY IMPERFECT.” ALL PRESIDENTS MUST HAVE COMPLETE & TOTAL PRESIDENTIAL IMMUNITY, OR THE AUTHORITY & DECISIVENESS OF A PRESIDENT OF THE UNITED STATES WILL BE STRIPPED & GONE FOREVER. HOPEFULLY THIS WILL BE AN EASY DECISION. GOD BLESS THE SUPREME COURT!",False,courts,,False,courts,,False,,
truth_social:112350893788689819,early,"Tremendous WIN in the great State of Utah for Mayor Trent Staggs, who has just received the Endorsement of the Utah Republican Party, getting almost 70% of the Vote with 10 wonderful candidates vying for this important honor. The Primary is on June 25th, but Trent, who has my Complete and Total Endorsement, looks to be in great shape to become a very important and respected factor in the United States Senate. Congratulations Trent!",False,elections,,False,elections,,False,,
truth_social:112366741586914026,early,“THIS (PROTESTS) WOULD HAVE NEVER HAPPENED UNDER PRESIDENT TRUMP—BIDEN IS COMPLICIT IN THIS VIOLENCE…”,False,border_crime,,False,other,,False,,
truth_social:112373634845288711,early,It was an honor to see the brave men and women of the FDNY this evening!,False,other,,False,other,,False,,
truth_social:112397724923785154,early,"Eric Shawn of FoxNews has to spend a little time reading Gregg Jarrett concerning the “no crime” Witch Hunt taking place in Downtown Manhattan. Virtually every legal scholar and expert said that I did nothing wrong, the case should not have been brought. Election Interference!",False,courts,,False,elections,,False,,
truth_social:112458208082609897,early,"On behalf of the future Vice President of the United States, who I have not yet chosen, we hereby accept the Fox Vice Presidential Debate, hopefully at Virginia State University, the first Historically Black College or University to host a Debate - Date to be determined. I urge Vice President Kamala Harris to agree to this. MAKE AMERICA GREAT AGAIN!",False,elections,,False,elections,,False,,
truth_social:112459856028667718,early,"Wow! Even MSDNC & Fake News CNN, home of the First Presidential Debate in June, now feel the Soros backed D.A., Alvin Bragg, “Case” against me SHOULD BE DROPPED IN THAT IT IS NOT WINNABLE, AND SHOULD NEVER HAVE BEEN BROUGHT IN THE FIRST PLACE!!! The only thing they have going for them is a HIGHLY CONFLICTED JUDGE who has done everything within his power to help Crooked Joe Biden win a Presidential Election that he has, based on performance, no right to win. He is systematically destroying America, and is a true THREAT TO DEMOCRACY!!!",False,courts,,False,elections,,False,,
truth_social:112459989461673753,early,"One of the most vicious effects of the Biden Inflation Tax is how Crooked Joe has made it impossible for millions of Americans, especially YOUNG Americans, to buy a home, a car, or even make rent. High inflation means high prices, high interest rates, high mortgage rates, and death for the American Dream. Under Biden, the 30-year mortgage rate is almost 8%--by contrast, the month I left office, it was 2.6%. That means a typical Minnesota home mortgage that used to cost you $2,000 dollars a month now costs nearly $3,100 dollars a month. And because of the Biden Price Hikes, it is harder than ever to save for a downpayment! https://www.DonaldJTrump.com",True,economy,,True,fed_rates,,True,,
truth_social:112504173855541239,early,"Deranged Jack Smith has asked Judge Aileen Cannon in Florida for a Gag Order on me, so that I cannot talk about all of the Crimes he has committed, including the Illegal, Unconstitutional, and Unwarranted RAID of Mar-a-Lago. I guess they’re hoping they can silence me from telling the TRUTH like the Corrupt and Highly Conflicted Judge in New York City has done. Gag Orders have a very strong tendency to BACKFIRE, and if anybody should be GAGGED, it should be Deranged Jack, who was recently caught doing very bad things - and I should be able to talk about that, and everything else having to do with this Hoax - from which Crooked Joe Biden was FULLY EXONERATED!",False,courts,,False,courts,,False,,
truth_social:112515377085251810,early,"WHY IS THE CORRUPT GOVERNMENT ALLOWED TO MAKE THE FINAL ARGUMENT IN THE CASE AGAINST ME? WHY CAN’T THE DEFENSE GO LAST? BIG ADVANTAGE, VERY UNFAIR. WITCH HUNT! DJT",False,courts,,False,courts,,False,,
truth_social:112611520070964739,early,"Bob Good is BAD FOR VIRGINIA, AND BAD FOR THE USA. He turned his back on our incredible movement, and was constantly attacking and fighting me until recently, when he gave a warm and “loving” Endorsement - But really, it was too late. The damage had been done! I just want to MAKE AMERICA GREAT AGAIN, and the person that can most help me do that is Navy Seal and highly respected State Legislator, John McGuire, a true American Hero. John, who fought the Cartels on the Front Line, and then came home and fought the drug dealers in Virginia, will ALWAYS PUT AMERICA FIRST….",False,elections,,False,elections,,False,,
truth_social:112629077113228519,early,"The Turning Point Event in Michigan was incredible yesterday. It was rated as the most enthusiastic audience they’ve ever had - IT WAS SOLD OUT, BUT COULD HAVE BEEN SOLD OUT FOUR TIMES OVER. It was a great honor to be there!",False,elections,,False,other,,False,,
truth_social:112640744346384819,early,"6/18/24 | Racine, Wisconsin https://www.DonaldJTrump.com",False,elections,,False,other,,False,,
truth_social:112842695819556544,early,"I have nothing to do with, and know nothing about, Project 25. The fact that I do is merely disinformation put out by the Radical Left Democrat Thugs. Do not believe them!  DJT",False,elections,,False,other,,False,,
truth_social:112867291921859522,early,100 DAYS OUT! JOIN THE FIGHT AT https://TRUMPFORCE47.com/.,False,elections,,False,other,,False,,
truth_social:112894686703859511,early,A MUST WATCH!,False,other,,False,other,,False,,
truth_social:112923619684435428,early,"“ALL PLATITUDES, HORRIBLE POLICIES”",False,elections,,False,other,,False,,
truth_social:112952750572013942,early,"Tom Emmer is a fantastic Representative of Minnesota’s 6th Congressional District, and is doing an incredible job as the Majority Whip of the U.S. House of Representatives. Tom has worked with us really well over the past 6 months, because he understands we can win Minnesota for the first time since 1972 - although I think we did really well last time! Tom is fighting hard to Secure our Borders, Stop Illegal Immigration, Grow the Economy, Cut Taxes, and Protect and Defend our always under siege Second Amendment. Tom Emmer has my Complete and Total Endorsement. MINNESOTA, GET OUT AND VOTE!",False,elections,,False,elections,,False,,
truth_social:112977763063216281,early,"I have known Rick Scott for a long time, as both a businessman and GREAT Governor of Florida - There are few like him! Strong on the Border, the Economy, Crime, our Military/Vets, and our always under siege Second Amendment, RICK WILL NEVER LET YOU DOWN. I am proud to give Rick Scott my Complete and Total Endorsement - Everyone in Florida should help this incredible United States Senator have a BIG WIN!",False,elections,,False,elections,,False,,
truth_social:112996919340889106,early,"The Green Energy Agenda, commonly referred to as the Green New Scam, is destroying our Country! We will not be competitive in any way, shape, or form, with China and other of our Competitor Nations. THIS MADNESS MUST STOP, AND IT MUST STOP NOW! We want Crystal Clear Water and Air, and then, an Economy like no other. That’s the way we, MAKE AMERICA GREAT AGAIN!",True,energy,,True,economy,,False,,
truth_social:113096819299584669,early,Rigged? https://justthenews.com/politics-policy/elections/kamala-harriss-friendship-disney-exec-comes-under-scrutiny-ahead-abc,False,other,,False,other,,False,,
truth_social:113155236804156993,early,"BIG LEAD IN THE JUST RELEASED RASMUSSEN POLL, ONE OF THE FEW THAT GOT IT RIGHT!",False,elections,,False,elections,,False,,
truth_social:113311732586143252,early,"I had a Town Hall in Pennsylvania last night. It was amazing! The Q and A was almost finished when people began fainting from the excitement and heat. We started playing music while we waited, and just kept it going. So different, but it ended up being a GREAT EVENING!",False,elections,,False,other,,False,,
truth_social:113386392975621534,early,"FoxNews spends far too much time promoting the Democrats, their surrogates, and their agenda. Today I watched, over and over again, an angry and totally out of control Michelle Obama trying to save the dying Campaign of Comrade Kamala Harris. I’m leading in Michigan, by a lot, because of great support from Autoworkers, Arab Americans, Jewish Americans, and all other Patriots - But Fox refuses to put up those Polls. Fox also plays more negative commercials and ads promoting the other side than is even imaginable - Our ads on FoxNews are always a big deal to negotiate (They want us to change and weaken our content!), but we put them up on CNN and MSDNC with no problems or changes. It’s hard to believe I’m leading by so much!",False,media,,False,elections,,False,,
truth_social:113621278691359489,early,The Democrats are fighting hard to get rid of the Popular Vote in future Elections. They want all future Presidential Elections to be based exclusively on the Electoral College!,False,elections,,False,elections,,False,,
truth_social:113681830019483164,early,The United States will cut Hundreds of Billions of Dollars in spending next year through Reconciliation!,True,taxes_budget,,True,taxes_budget,,False,,
truth_social:113708422880476904,early,"As soon as I am inaugurated, I will direct the Justice Department to vigorously pursue the death penalty to protect American families and children from violent rapists, murderers, and monsters. We will be a Nation of Law and Order again!",False,border_crime,,False,border_crime,,False,,
truth_social:113929767736564719,early,"This morning I ordered precision Military air strikes on the Senior ISIS Attack Planner and other terrorists he recruited and led in Somalia. These killers, who we found hiding in caves, threatened the United States and our Allies. The strikes destroyed the caves they live in, and killed many terrorists without, in any way, harming civilians. Our Military has targeted this ISIS Attack Planner for years, but Biden and his cronies wouldn’t act quickly enough to get the job done. I did! The message to ISIS and all others who would attack Americans is that “WE WILL FIND YOU, AND WE WILL KILL YOU!”",False,war,,True,war,,False,,
truth_social:114014567906020636,early,"The 14th Amendment Right of American Citizenship never had anything to do with modern day ""gate crashers,"" illegal immigrants who break the Law by being in our Country, it had everything to do with giving Citizenship to former slaves. Our Founding Fathers are ""spinning in their graves"" at the idea that our Country can be taken away from us. No Nation in the World has anything like this. Our lawyers and Judges have to be tough, and protect America!",False,border_crime,,False,courts,,False,,
truth_social:114070882108433827,early,I hope the House and Senate are able to agree on making the Tax Cuts PERMANENT!,True,taxes_budget,,True,taxes_budget,,False,,
truth_social:114076153524132682,early,"Drugs are still pouring into our Country from Mexico and Canada at  very high and unacceptable levels. A large percentage of these Drugs, much of them in the form of Fentanyl, are made in, and supplied by, China. More than 100,000 people died last year due to the distribution of these dangerous and highly addictive POISONS. Millions of people have died over the last two decades. The families of the victims are devastated and, in many instances, virtually destroyed. We cannot allow this scourge to continue to harm the USA, and therefore, until it stops, or is seriously limited, the proposed TARIFFS scheduled to go into effect on MARCH FOURTH will, indeed, go into effect, as scheduled. China will likewise be charged an additional 10% Tariff on that date. The April Second Reciprocal Tariff date will remain in full force and effect. Thank you for your attention to this matter. GOD BLESS AMERICA!",True,trade,,True,trade,,True,,
truth_social:114088564162922800,early,"The month of February, my first full month in Office, had the LOWEST number of Illegal Immigrants trying to enter our Country in History – BY FAR! There were only 8,326 apprehensions of Illegals by Border Patrol at the U.S. - Mexico Border, all of whom were quickly ejected from our Nation or, when necessary, prosecuted for crimes against the United States of America. This means that very few people came – The Invasion of our Country is OVER. In comparison, under Joe Biden, there were 300,000 Illegals crossing in one month, and virtually ALL of them were released into our Country. Thanks to the Trump Administration Policies, the Border is CLOSED to all Illegal Immigrants. Anyone who tries to illegally enter the U.S.A. will face significant criminal penalties and immediate deportation.",False,border_crime,,False,courts,,False,,
truth_social:114179869587194428,early,"Completing my list of appointments to the United States Naval Academy, I am happy to announce that the full Board will consist of Sean Spicer, Walt Nauta, Congressman “Doc Ronnie” Jackson, Congressman Derek Van Order, Senator Tim Sheehy, and Earl Ehrhart. Congratulations to you all!",False,other,,False,other,,False,,
truth_social:114194879718374915,early,“Nvidia to spend hundreds of billions in U.S. during Trump's term” https://www.axios.com/2025/03/20/nvidia-spend-hundreds-billions-us-during-trump-term,True,companies,NVDA:e,True,companies,NVDA:e,True,,NVDA:e
truth_social:114220273052874483,early,"“On this day in 1945, 16,000 Allied airborne troops land near Wesel Germany. Operation Varsity, the largest single-day parachute and glider assault in history, succeeds in securing a series of bridges over the Rhine River.”",False,other,,True,war,,False,,
truth_social:114472802068018414,early,"Today is an incredible day for America as we deliver our first Fair, Open, and Reciprocal Trade Deal — Something our past Presidents never cared about. Together with our strong Ally, the United Kingdom, we have reached the first, historic Trade Deal since Liberation Day. As part of this Deal, America will raise $6 BILLION DOLLARS in External Revenue from 10% Tariffs, $5 BILLION DOLLARS in new Export Opportunities for our Great Ranchers, Farmers, and Producers, and enhance the National Security of both the U.S. and the UK through the creation of an Aluminum and Steel Trading Zone, and a secure Pharmaceutical Supply Chain. This Deal shows that if you respect America, and bring serious proposals to the table, America is OPEN FOR BUSINESS. Many more to come — STAY TUNED!",True,trade,AA:i;CENX:i;CLF:i;NUE:i;STLD:i,True,trade,,True,,
truth_social:114480839195032975,early,"Today, I signed an Executive Order to launch the first-ever self-deportation program. Illegal aliens who stay in America face punishments, including—sudden deportation, in a place and manner solely of our discretion. TO ALL ILLEGAL ALIENS: BOOK YOUR FREE FLIGHT RIGHT NOW!",False,border_crime,,False,border_crime,,False,,
truth_social:114542709133462503,early,"I am pleased to announce that Darryl Nirenberg will serve as the next United States Ambassador to Romania. Darryl has 40 years of Foreign Policy experience, including as Counsel to the Senate Foreign Relations Committee. A proud graduate of Colgate University, and the George Washington University School of Law, Darryl has been, and will continue to be, a tireless fighter for my America First Agenda. He will help us strengthen our ties with Romania, support our Military partnership, and promote and defend America’s Economic and Security Interests abroad. Congratulations Darryl!",False,other,,True,economy,,False,,
truth_social:114605138646113482,early,"Like the other two, TIPS AND OVERTIME, No Tax on Social Security is being done also, but in a different form, a large deduction after which many will have no tax to pay. Thank you!",True,taxes_budget,,True,taxes_budget,,False,,
truth_social:114764221948518343,early,"Republicans must remember that they are fighting against a very evil, corrupt and, in many ways, incompetent (Policywise!) group of people, who would rather see our Country “go down in flames” than do the right thing and, MAKE AMERICA GREAT AGAIN! The Democrats would LOVE to see the Biggest Tax Hike in History (68%!), No Border Spending (Open Borders!), and a weak, underfunded Military, so we wouldn’t be able to do things like we did just one week ago in Iran. We gave the Dems a Debt Extension because it was the right thing to do, but they won’t do it for us. The one thing they do have is an ability to stick together, and vote as one group (They don’t have GRANDSTANDERS!). They also have House and Senate Rules that give Great Power to their Leaders - Committee Chairmanships, etc. Republicans don’t have that, have never been able to get it, BUT THEY SHOULD! What we do have is wonderful people and phenomenal Policy, and that should win Elections every single time!",True,taxes_budget,,True,taxes_budget,,False,,
truth_social:114767860718911509,early,"It was my Great Honor to pardon Michael Flynn, a FEARLESS Patriot and Decorated General, who was savagely attacked by the Biden/Obama Deep State, which has now been completely exposed for the FRAUD it is. These Radical Left Lunatics unleashed a relentless storm of lies, FAKE charges, and dirty FBI “tricks” during the Russia, Russia, Russia Hoax to try and crush Mike’s Spirit — But this Great American Hero was INNOCENT. Now Mike has written a fantastic new Book, “PARDON OF INNOCENCE: An Inspiring Story of Faith and Freedom,” which will greatly encourage Citizens across our Nation to NEVER GIVE UP. Get your copy today! https://a.co/d/cfvgv7N",False,courts,,False,courts,,False,,
truth_social:114831088465448187,early,"I am pleased to announce that Nick Adams will be nominated as the next United States Ambassador to Malaysia. Nick is an incredible Patriot and very successful entrepreneur, whose love of, and devotion to, our Great Country is an inspiration. Nick is a bestselling author, speaker, and commentator. Nick graduated from the University of Sydney and, since then, has made it his life’s mission to extol the Virtues of American Greatness. Congratulations Nick!",False,other,,False,other,,False,,
truth_social:114970981123138842,early,"Elizabeth Warren is a LOSER! She lies about everything, including the fact that she is an Indian. She’s NOT. She’s no Pocahontas!!!",False,other,,False,other,,False,,
truth_social:115026837372200506,early,"Director of National Intelligence, Tulsi Gabbard: “Newly declassified Top Secret emails sent on December 22, 2016 complying with President Obama's order to create the manufactured January 2017 ICA about Russia expose how DNI James Clapper demanded the IC fall in line behind the Russia Hoax. Clapper admits that it was a ‘team sport’ that required ""compromise on our 'normal modalities’”…",False,courts,,True,companies,,False,,
truth_social:115186503899309206,early,"This morning, we recall the light of America's best and bravest and the love they showed in their final moments. In their memory, we make a solemn pledge and a noble promise: we will honor — always — our GREAT HEROES…",False,other,,False,other,,False,,
truth_social:115194602130168891,early,“Diners at Casa Cipriani were applauding tonight as POTUS left!”,False,other,,False,other,,False,,
truth_social:115216434940272027,early,"I am getting amazing feedback on my Lawsuit against The New York Times. The predominant feeling and sentiment is, “IT’S ABOUT TIME!” The case was filed in the Great State of Florida! The Radical Left Media is working hard to destroy the U.S.A. We are going to stop them at each and every level!!! President DJT",False,media,,False,courts,,False,,
truth_social:115285407847623317,early,"Hard to watch the new NFL kickoff. It’s wrong on every level. They should end it, immediately. Bad for the game of football! President DJT",False,other,,False,other,,False,,
truth_social:115476385101120405,window,"If the Nigerian Government continues to allow the killing of Christians, the U.S.A. will immediately stop all aid and assistance to Nigeria, and may very well go into that now disgraced country, ""guns-a-blazing,"" to completely wipe out the Islamic Terrorists who are committing these horrible atrocities. I am hereby instructing our Department of War to prepare for possible action. If we attack, it will be fast, vicious, and sweet, just like the terrorist thugs attack our CHERISHED Christians! WARNING: THE NIGERIAN GOVERNMENT BETTER MOVE FAST!",True,war,,True,war,,False,,
truth_social:115483376777280289,window,"Congressman Rick Crawford is an America First Patriot, who is doing an incredible job representing Arkansas' 1st Congressional District! A Brave U.S. Army Veteran, and former News Anchor and Agriculture Reporter, Rick knows the Wisdom and Courage required to confront the Corrupt Fake News, which seeks to divide and destroy our Great Country. In Congress, Rick is working hard to Champion our Amazing Farmers and Ranchers, Grow our Economy, Cut Taxes and Regulations, Promote MADE IN THE U.S.A., Advance American Energy DOMINANCE, Keep our now very Secure Border, SECURE, Support our Military/Veterans, and Protect our always under siege Second Amendment. Rick Crawford has my Complete and Total Endorsement for Re-Election — HE WILL NEVER LET YOU DOWN!",False,elections,,False,elections,,False,,
truth_social:115483486488391164,window,"Congressman August Pfluger is a Tremendous Champion for Texas' 11th Congressional District!

As the Chairman of the Republican Study Committee, August is doing an incredible job advancing our America First Agenda. He is working hard to Grow our Economy, Cut Taxes and Regulations, Champion our Great Farmers and American Agriculture, Promote MADE IN THE U.S.A., Ensure American Energy DOMINANCE, Keep our now very Secure Border, SECURE, Strengthen our Incredible Military/Veterans, and Defend our always under siege Second Amendment.

August Pfluger has my Complete and Total Endorsement for Re-Election — HE WILL NEVER LET YOU DOWN!",False,elections,,False,elections,,False,,
truth_social:115483493833786784,window,"Congressman John Joyce is a fantastic Champion for Pennsylvania's 13th Congressional District!

An Original Member of my Pennsylvania Federal Leadership Team, John is fighting hard in Congress to Secure the Border, Unleash American Energy, Support our Military/Veterans, Defend our always under siege Second Amendment, and Restore PEACE THROUGH STRENGTH.

John Joyce has my Complete and Total Endorsement for Re-Election – HE WILL NEVER LET YOU DOWN!",False,elections,,False,elections,,False,,
truth_social:115483597298904555,window,"Congressman Mike Turner is doing a truly fantastic job representing the wonderful people of Ohio's 10th Congressional District! As a Senior Member of the POWERFUL House Armed Services Committee, Mike understands the Wisdom and Courage required to Defend our Country, Support our incredible Military/Veterans, and Ensure PEACE THROUGH STRENGTH. In Congress, he is fighting tirelessly to Keep our now very Secure Border, SECURE, Stop Migrant Crime, Cut Taxes and Regulations, Promote MADE IN THE U.S.A., Champion American Energy DOMINANCE, and Protect our always under siege Second Amendment. Mike Turner has my Complete and Total Endorsement for Re-Election – HE WILL NEVER LET YOU DOWN!",False,elections,,False,elections,,False,,
truth_social:115487417269482211,window,"Congressman Adrian Smith is a Tremendous Champion for Nebraska's 3rd Congressional District! As a Member of the POWERFUL Ways & Means Committee, Adrian knows the America First Policies required to Promote our Amazing Farmers and Ranchers, Create GREAT Jobs, Cut Taxes and Regulations, Advance MADE IN THE U.S.A., Unleash American Energy DOMINANCE, and Champion our Nation's Golden Age. He is also fighting tirelessly to Keep our now very Secure Border, SECURE, Stop Migrant Crime, Strengthen our Brave Military/Veterans, and Defend our always under siege Second Amendment. Adrian Smith has my Complete and Total Endorsement for Re-Election — HE WILL NEVER LET YOU DOWN!",False,elections,,False,elections,,False,,
truth_social:115487525926377512,window,"Congressman Frank Lucas is an incredible Representative for the wonderful people of Oklahoma's 3rd Congressional District!

A Fifth Generation Oklahoman, and lifelong Farmer and Rancher, Frank is a strong and effective Voice for American Agriculture, and our amazing Farmers and Ranchers. In Congress, he is fighting tirelessly to Cut Taxes and Regulations, Promote MADE IN THE U.S.A., Champion American Energy DOMINANCE by helping to keep the price of Gasoline, Oil, and all forms of Energy VERY LOW, Continue to Secure our now Secure Border, Strengthen our Military/Veterans, and Defend our always under siege Second Amendment.

Frank Lucas has my Complete and Total Endorsement for Re-Election — HE WILL NEVER LET YOU DOWN!",False,elections,,False,elections,,False,,
truth_social:115488447988115806,window,"For all of those people voting in New Jersey and Virginia for Governor, Attorney General, or any other position, please remember this: A REPUBLICAN VOTE MEANS A DRASTIC DROP IN ENERGY PRICES AND ENERGY COSTS, A DROP LIKE YOU'VE NEVER SEEN BEFORE! — A DEMOCRAT VOTE MEANS A DOUBLING, AND EVEN TRIPLING, OF YOUR ENERGY BILLS AND PRICES, TRADITIONALLY THE HIGHEST COST OF AN AMERICAN CITIZEN! So, if you vote Republican, your Energy Costs are going to go down, tremendously! If you vote Democrat, your Energy Costs are going to go ""through the roof,"" making Energy virtually unaffordable for you and your family to pay. Also, remember, that if you don't go to the Polls and VOTE, it's the same thing as voting for a Democrat. SO, GO TO THE POLLS AND CUT YOUR ENERGY COSTS IN HALF!",False,elections,,True,energy,,False,,
truth_social:115494873923565600,window,"""TRUMP WASN'T ON THE BALLOT, AND SHUTDOWN, WERE THE TWO REASONS THAT REPUBLICANS LOST ELECTIONS TONIGHT,"" according to Pollsters.",False,elections,,True,taxes_budget,,False,,
truth_social:115495015896453646,window,"REPUBLICANS, TERMINATE THE FILIBUSTER! GET BACK TO PASSING LEGISLATION AND VOTER REFORM! President DJT",False,elections,,False,elections,,False,,
truth_social:115508680705242553,window,"Nancy Pelosi, the old and broken political hack who Impeached me twice and lost, is finally calling it ""quits."" She illegally made a fortune in the Stock Market, ripped off the American Public, and was a disaster for America. I'm glad to see the stench of Nancy Pelosi go!!!",False,other,,True,economy,,False,,
truth_social:115516539764708833,window,"Watch Mark Levin and Lara Trump tonight on FoxNews, 8 to 10 P.M. Two very SPECIAL shows are planned. Enjoy!!!",False,media,,False,media,,False,,
truth_social:115519648221128582,window,"Republicans Should Terminate the Filibuster (THE DEMS WILL DO IT THE FIRST CHANCE THEY GET!), End the Shutdown, Pass lots of Great ""Things,"" and Win the Midterms. SO EASY TO DO - Be the Smart Party, Not the Stupid Party!",True,taxes_budget,,True,taxes_budget,,False,,
truth_social:115526107177904576,window,"All Air Traffic Controllers must get back to work, NOW!!! Anyone who doesn't will be substantially ""docked."" For those Air Traffic Controllers who who were GREAT PATRIOTS, and didn't take ANY TIME OFF for the ""Democrat Shutdown Hoax,"" I will be recommending a BONUS of $10,000 per person for distinguished service to our Country. For those that did nothing but complain, and took time off, even though everyone knew they would be paid, IN FULL, shortly into the future, I am NOT HAPPY WITH YOU. You didn't step up to help the U.S.A. against the FAKE DEMOCRAT ATTACK that was only meant to hurt our Country. You will have a negative mark, at least in my mind, against your record. If you want to leave service in the near future, please do not hesitate to do so, with NO payment or severance of any kind! You will be quickly replaced by true Patriots, who will do a better job on the Brand New State of the Art Equipment, the best in the World, that we are in the process of ordering. The last ""Administration"" wasted Billions of Dollars trying to fix antiquated ""junk."" They had no idea what they were doing! Again, to our great American Patriots, GOD BLESS YOU - I won't be able to send your money fast enough! To all others, REPORT TO WORK IMMEDIATELY. GOD BLESS AMERICA! PRESIDENT DONALD J. TRUMP",True,taxes_budget,,True,taxes_budget,,False,,
truth_social:115533678904226335,window,"Greg Abbott is the strong and highly respected Governor of Texas, a State I love and WON BIG three times, including with 6.4 Million Votes in 2024 (The most Votes in History, BY FAR)! Thanks to Greg's bold and effective Leadership, the wonderful people of Texas will have the opportunity to elect 5 new MAGA Republicans in the 2026 Midterm Elections with the passage of their new, fair, and much improved, Congressional Map — A BIG WIN for Republicans in The Lone Star State, and across the Country! As Governor, Greg is also fighting tirelessly to Champion Texas Values, Grow the Economy, Cut Taxes and Regulations, Support our Amazing Farmers and Ranchers, Advance MADE IN THE U.S.A., Unleash American Energy Dominance, Promote School Choice, Keep our now very Secure Border, SECURE, Stop Migrant Crime, Murderers, and other Criminals from illegally entering our Country, Ensure LAW AND ORDER, Protect our Brave Military, Veterans, and Law Enforcement, and Defend our always under siege Second Amendment. Greg Abbott has my Complete and Total Endorsement for Re-Election. He is an exceptional Governor and man — HE WILL NEVER LET YOU DOWN!",False,elections,,False,elections,,False,,
truth_social:115548824413984773,window,"Cost, and INFLATION, were far higher under the Sleepy Joe Biden Administration, than they are now. In fact, costs under the TRUMP ADMINISTRATION are tumbling down, helped greatly by gasoline and ENERGY. Affordability is a lie when used by the Dems. It is a complete CON JOB. Thanksgiving costs are 25% lower this year than last, under Crooked Joe! We are the Party of Affordability!",True,economy,,True,energy,,False,,
truth_social:115596415059652997,window,"BBC has questions to answer over edited Trump speech, MPs say: https://www.bbc.com/news/articles/ckgzkyk7knzo",False,media,,False,other,,False,,
truth_social:115599428464496784,window,"The War between Russia and Ukraine is a violent and terrible one that, with strong and proper U.S. and Ukrainian LEADERSHIP, would have NEVER HAPPENED. It began long before I took office for a Second Term, during the Sleepy Joe Biden Administration, and has only gotten worse. If the 2020 Presidential Election was not RIGGED & STOLEN, the only thing the Radical Left Democrats are good at doing, there would be no Ukraine/Russia War, as there wasn't, not even a mention, during my first Term in Office. Putin would never have attacked! It was only when he saw Sleepy Joe in action that he said, ""Now is my chance!"" The rest is history, and so it continues. I INHERITED A WAR THAT SHOULD HAVE NEVER HAPPENED, A WAR THAT IS A LOSER FOR EVERYONE, ESPECIALLY THE MILLIONS OF PEOPLE THAT HAVE SO NEEDLESSLY DIED. UKRAINE ""LEADERSHIP"" HAS EXPRESSED ZERO GRATITUDE FOR OUR EFFORTS, AND EUROPE CONTINUES TO BUY OIL FROM RUSSIA. THE USA CONTINUES TO SELL MASSIVE $AMOUNTS OF WEAPONS TO NATO, FOR DISTRIBUTION TO UKRAINE (CROOKED JOE GAVE EVERYTHING, FREE, FREE, FREE, INCLUDING ""BIG"" MONEY!). GOD BLESS ALL THE LIVES THAT HAVE BEEN LOST IN THE HUMAN CATASTROPHE! President DJT",True,war,,True,energy,,True,,
truth_social:115617700844849134,window,"The United States did not attend the G20 in South Africa, because the South African Government refuses to acknowledge or address the horrific Human Right Abuses endured by Afrikaners, and other descendants of Dutch, French, and German settlers. To put it more bluntly, they are killing white people, and randomly allowing their farms to be taken from them. Perhaps, worst of all, the soon to be out of business New York Times and the Fake News Media won't issue a word against this genocide. That's why all the Liars and Pretenders of the Radical Left Media are going out of business! At the conclusion of the G20, South Africa refused to hand off the G20 Presidency to a Senior Representative from our U.S. Embassy, who attended the Closing Ceremony. Therefore, at my direction, South Africa will NOT be receiving an invitation to the 2026 G20, which will be hosted in the Great City of Miami, Florida next year. South Africa has demonstrated to the World they are not a country worthy of Membership anywhere, and we are going to stop all payments and subsidies to them, effective immediately. Thank you for your attention to this matter!",False,other,,False,media,,False,,
truth_social:115618335917111212,window,"""President Donald Trump remains with strong approval at 50%…""",False,elections,,False,other,,False,,
truth_social:115619210705501837,window,"I will be speaking on the horrific attack on our Great National Guard Warriors, at 9:15 P.M., sharp. Thank you for your attention to this matter. GOD BLESS AMERICA!",False,border_crime,,False,border_crime,,False,,
truth_social:115653225494931779,window,Congratulations Matt. A BIG WIN! President DJT,False,elections,,False,other,,False,,
truth_social:115674446098726232,window,"Another stabbing by an Illegal Migrant in Charlotte, North Carolina. What's going on in Charlotte? Democrats are destroying it, like everything else, piece by piece!!! President DJT",False,border_crime,,False,border_crime,,False,,
truth_social:115710698623079249,window,"Republicans in the Indiana State Senate, who voted against a Majority in the U.S. House of Representatives, should be ashamed of themselves. Headed by a total loser named Rod Bray, every one of these people should be ""primaried,"" and I will be there to help! Indiana, which I won big, is the only state in the Union to do this!",False,elections,,False,other,,False,,
truth_social:115713778827349150,window,"We mourn the loss of three Great American Patriots in Syria, two soldiers, and one Civilian Interpreter. Likewise, we pray for the three injured soldiers who, it has just been confirmed, are doing well. This was an ISIS attack against the U.S., and Syria, in a very dangerous part of Syria, that is not fully controlled by them. The President of Syria, Ahmed al-Sharaa, is extremely angry and disturbed by this attack. There will be very serious retaliation. Thank you for your attention to this matter! DONALD J. TRUMPPRESIDENT OF THE UNITED STATES OF AMERICA",False,war,,False,other,,False,,
truth_social:115714068315379947,window,"The new mirror and bronze lettering at the door to The West Wing, along The Presidential Walk of Fame!",False,other,,False,other,,False,,
truth_social:115732659042964265,window,"Hamas marks 38 years since its founding, cites October 7 massacre as milestone:https://www.jpost.com/middle-east/article-880312",False,war,,False,other,,False,,
truth_social:115742569503999806,window,"Paul LePage will be a tremendous Congressman for the amazing people of Maine's 2nd Congressional District, just as he was as your Governor! A proven America First Fighter, Paul has been with us from the very beginning, helping us, MAKE AMERICA GREAT AGAIN! In Congress, he will work hard to Grow our Economy, Strongly Advocate for Maine's Great Lobstermen, Cut Taxes and Regulations, Promote MADE IN THE U.S.A., Unleash American Energy DOMINANCE, Safeguard our Elections, Keep our now very Secure Border, SECURE, Stop Migrant Crime, Strengthen our Military/Veterans, and Defend our always under siege Second Amendment. Paul will most likely be running against a Radical Left Democrat named Matt Dunlap, who loves High Taxes, High Interest Rates, Expensive and Unreliable Electricity, Open Borders, and Transgender for Everybody, among other CRAZY ideas, but the good news is that Paul LePage is a WINNER, and has my Complete and Total Endorsement — HE WILL NOT LET YOU DOWN!",False,elections,,False,elections,,False,,
truth_social:115785910842203078,window,Rubio imposes visa restrictions on European officials who attempted to censor American free speech: https://justthenews.com/government/diplomacy/rubio-issues-sanctions-european-officials-who-attempted-censor-american-free,False,other,,False,other,,False,,
truth_social:115786745967133949,window,"Grand jury properly voted on James Comey's indictment, foreman claims in blow to defense: 'Eliminates any doubt': https://nypost.com/2025/11/20/us-news/grand-jury-vote-in-james-comey-case-was-proper-foreman-says/",False,courts,,False,courts,,False,,
truth_social:115810716798307317,window,Trump address ignites hope for future as 'gangbuster' economy forecasted for 2026: https://nypost.com/2025/12/18/business/trump-address-ignites-hope-for-future-as-gangbuster-economy-forecasted-for-2026/,True,economy,,True,economy,,False,,
truth_social:115814993074933464,window,"Much of the Minnesota Fraud, up to 90%, is caused by people that came into our Country, illegally, from Somalia. ""Congresswoman"" Omar, an ungrateful loser who only complains and never contributes, is one of the many scammers. Did she really marry her brother? Lowlifes like this can only be a liability to our Country's greatness. Send them back from where they came, Somalia, perhaps the worst, and most corrupt, country on earth. MAKE AMERICA GREAT AGAIN!!!",False,border_crime,,False,other,,False,,
truth_social:115832088990838303,window,Nicolas Maduro on board the USS Iwo Jima.,True,war,,False,other,,False,,
truth_social:115842866197248103,window,"We have taken in, and will soon be receiving, more than 600 Billion Dollars in Tariffs, but the Fake News Media refuses to talk about it because they hate and disrespect our Country, and want to interfere with the upcoming Tariff decision, one of the most important ever, of the United States Supreme Court. Because of Tariffs, our Country is financially, AND FROM A NATIONAL SECURITY STANDPOINT, FAR STRONGER AND MORE RESPECTED THAN EVER BEFORE. GOD BLESS AMERICA! President DONALD J. TRUMP",True,trade,,True,trade,,True,,
truth_social:115848423492044761,window,"Soon leaving the White House to speak to House Republicans, who I truly love (almost all!), at the TRUMP KENNEDY CENTER, where I have raised hundreds of millions of dollars to make it the best Performing Arts Center anywhere in the World. A year ago it was in a state of financial and physical collapse. Wait until you see it a year from now!!! Like our Country, itself, it will rise from the ashes. MAGA!!! President DJT",False,other,,False,other,,False,,
truth_social:115850817778602689,window,"I am pleased to announce that the Interim Authorities in Venezuela will be turning over between 30 and 50 MILLION Barrels of High Quality, Sanctioned Oil, to the United States of America. This Oil will be sold at its Market Price, and that money will be controlled by me, as President of the United States of America, to ensure it is used to benefit the people of Venezuela and the United States! I have asked Energy Secretary Chris Wright to execute this plan, immediately. It will be taken by storage ships, and brought directly to unloading docks in the United States. Thank you for your attention to this matter! DONALD J. TRUMPPRESIDENT OF THE UNITED STATES OF AMERICA",True,energy,,True,energy,,True,,
truth_social:115854352740910460,window,"Remember, for all of those big NATO fans, they were at 2% GDP, and most weren't paying their bills, UNTIL I CAME ALONG. The USA was, foolishly, paying for them! I, respectfully, got them to 5% GDP, AND THEY PAY, immediately. Everyone said that couldn't be done, but it could, because, beyond all else, they are all my friends. Without my involvement, Russia would have ALL OF UKRAINE right now. Remember, also, I single-handedly ENDED 8 WARS, and Norway, a NATO Member, foolishly chose not to give me the Noble Peace Prize. But that doesn't matter! What does matter is that I saved Millions of Lives. RUSSIA AND CHINA HAVE ZERO FEAR OF NATO WITHOUT THE UNITED STATES, AND I DOUBT NATO WOULD BE THERE FOR US IF WE REALLY NEEDED THEM. EVERYONE IS LUCKY THAT I REBUILT OUR MILITARY IN MY FIRST TERM, AND CONTINUE TO DO SO. We will always be there for NATO, even if they won't be there for us. The only Nation that China and Russia fear and respect is the DJT REBUILT U.S.A. MAKE AMERICA GREAT AGAIN!!! President DJT",False,war,,True,economy,,False,,
truth_social:115859532176676320,window,Arrest them all. They are criminals!!!Foreign ATM? Somali cash exodus from Minneapolis exponentially larger than other major US airports: https://justthenews.com/government/security/foreign-atm-somali-cash-exodus-minneapolis-exponentially-larger-other-major-us,False,border_crime,,False,other,,False,,
truth_social:115884319075881590,window,"Effective immediately, any Country doing business with the Islamic Republic of Iran will pay a Tariff of 25% on any and all business being done with the United States of America. This Order is final and conclusive. Thank you for your attention to this matter!PRESIDENT DONALD J. TRUMP",True,trade,,True,trade,,True,,
truth_social:115911133899693977,window,GREGG JARRETT: Trump has authority to send troops to Minneapolis to stop attacks on ICE: https://www.foxnews.com/opinion/gregg-jarrett-trump-has-authority-send-troops-minneapolis-stop-attacks-ice/,False,border_crime,,True,war,,False,,
truth_social:115912250523181458,window,"Everyone is asking about the Autopen? What was done is totally illegal, and anything signed that way is of ""no further force or effect."" The person who ""worked"" the Autopen had no idea whether or not Biden approved of what he was doing. There was no ORDER in writing, and it was an absolutely illegal act perpetrated by the Radical Left Insurrectionists who illegally ran the Biden Administration. Every one of them should be arrested for what they have done to our Country. They didn't win the Presidency but, when you think of it, neither did Joe Biden. The whole thing was RIGGED. There must be a price to pay, and it has got to be a BIG ONE! PRESIDENT DONALD J. TRUMP",False,courts,,False,other,,False,,
truth_social:115925766187001811,window,"I had a very good telephone call with Mark Rutte, the Secretary General of NATO, concerning Greenland. I agreed to a meeting of the various parties in Davos, Switzerland. As I expressed to everyone, very plainly, Greenland is imperative for National and World Security. There can be no going back — On that, everyone agrees! The United States of America is the most powerful Country anywhere on the Globe, by far. Much of the reason for this is a rebuilding of our Military during my First Term, which rebuilding continues at even more expedited pace. We are the only POWER that can ensure PEACE throughout the World — And it is done, quite simply, through STRENGTH! PRESIDENT DONALD J. TRUMP",True,other,,False,other,,False,,
truth_social:115942977423885586,window,Trump Launches Promised 'Board of Peace' at Davos: https://www.breitbart.com/europe/2026/01/22/trump-launches-promised-board-of-peace-at-davos/,False,war,,False,other,,False,,
truth_social:115946856565328563,window,"Congressman Clay Higgins is doing a truly fantastic job representing the incredible people of Louisiana's 3rd Congressional District!  A tough Law Enforcement Officer, and brave U.S. Army Veteran, Clay strongly supports our incredible Law Enforcement, Military, and Veterans, and knows the Wisdom and Courage it takes to Ensure LAW AND ORDER. In Congress, he is working tirelessly to Cut Taxes and Regulations, Promote MADE IN THE U.S.A., Champion American Energy DOMINANCE, Keep our Border SECURE, Stop Migrant Crime, and Protect our always under siege Second Amendment.  Clay Higgins has my Complete and Total Endorsement for Re-Election — HE WILL NOT LET YOU DOWN!",False,elections,,False,elections,,False,,
truth_social:115952253411267214,window,"I have just approved Emergency Declarations for Tennessee, Georgia, North Carolina, Maryland, Arkansas, Kentucky, Louisiana, Mississippi, Indiana, and West Virginia. We are working closely with FEMA, Governors, and State Emergency Management teams to ensure the safety of everybody. Stay Safe, and Stay Warm!",False,other,,False,other,,False,,
truth_social:115959599290063796,window,"Appeals court finds evidence to charge Don Lemon over church protest, but won't force arrest warrant: https://justthenews.com/government/courts-law/appeals-court-finds-evidence-charge-don-lemon-over-church-protest-wont-force/",False,courts,,False,courts,,False,,
truth_social:115987233609226463,window,"Last night I saw, ""MELANIA,"" for the second time. The audience loved it, and so do I. Check it out — A MUST SEE!https://www.amazon.com/salp/melaniamovie?hhf",False,other,,False,other,,False,,
truth_social:116001984939496310,window,US forces strike ISIS-Somalia leaders in Somalia caves: https://www.foxnews.com/video/6388672630112,False,war,,False,other,,False,,
truth_social:116007264985679550,window,"Was Ilhan Omar there to protect her corrupt ""homeland?""US forces strike ISIS-Somalia leaders in Somalia caves:https://www.foxnews.com/video/6388672630112",False,war,,False,other,,False,,
truth_social:116022020081960274,window,"House to vote next week to require citizenship check and photo ID for voting, upping Senate pressure: https://justthenews.com/politics-policy/elections/house-vote-next-week-require-citizenship-check-and-photo-id-voting-upping",False,elections,,False,elections,,False,,
truth_social:116026828636501753,window,"Record Stock Market, and National Security, driven by our Great TARIFFS. I am predicting 100,000 on the DOW by the end of my Term. REMEMBER, TRUMP WAS RIGHT ABOUT EVERYTHING! I hope the United States Supreme Court is watching.m",True,economy,,True,trade,,True,,
truth_social:116054547319697639,window,"When Kevin Stitt, the very mediocre (at best!) RINO Governor of Oklahoma, was losing his Election to a Democrat, primarily because he did a bad job, he called for my help. I Endorsed him, and he won — Sorry, my cherished Oklahoma, to have done that to you! PRESIDENT DONALD J. TRUMP",False,elections,,False,elections,,False,,
truth_social:116058575898389756,window,"Relations between Venezuela and the United States have been, to put it mildly, extraordinary! We are dealing very well with President Delcy Rodriguez, and her Representatives. Oil is starting to flow, and large amounts of money, unseen for many years, will soon be greatly helping the people of Venezuela. Marco Rubio, and all of our Representatives, are doing a fantastic job, but we speak only for ourselves, and don't want there to be any confusion or misrepresentation. There is a story about a man named Harry Sargeant III in The Wall Street Journal. He has no authority, in any way, shape, or form, to act on behalf of the United States of America, nor does anyone else that is not approved by the State Department. Without this approval, no one is authorized to represent our Country. Thank you for your attention to this matter! PRESIDENT DONALD J. TRUMP",True,energy,,True,energy,,True,,
truth_social:116087475988311202,window,"The Great Economist, Stephen Moore: ""President Donald J. Trump has done something no one else has done — He has proven 22 Nobel Prize Scientists WRONG on the Economy!""",True,economy,,True,economy,,False,,
truth_social:116100280662640693,window,"To the Great People of East Palestine, Ohio, who were disgracefully betrayed and forgotten about by Crooked Joe Biden — ""TRUMP"" has never forgotten about you, and never will! In addition to our Administration's Longterm Health Study for the benefit of the residents, we are providing $10 Million Dollars through the Economic Development Administration to help the Community continue its Economic Recovery from the disastrous train derailment. We want to see East Palestine grow, flourish, and be able to take advantage of our now BOOMING Economy. It was horrible what was allowed to happen there, and we are with you for the LONG HAUL. MAKE AMERICA GREAT AGAIN!",False,other,,True,economy,,False,,
truth_social:116109447886304328,window,"Based on a thorough, detailed, and complete review of the ridiculous, poorly written, and extraordinarily anti-American decision on Tariffs issued yesterday, after MANY months of contemplation, by the United States Supreme Court, please let this statement serve to represent that I, as President of the United States of America, will be, effective immediately, raising the 10% Worldwide Tariff on Countries, many of which have been ""ripping"" the U.S. off for decades, without retribution (until I came along!), to the fully allowed, and legally tested, 15% level. During the next short number of months, the Trump Administration will determine and issue the new and legally permissible Tariffs, which will continue our extraordinarily successful process of Making America Great Again - GREATER THAN EVER BEFORE!!! Thank you for your attention to this matter. President DONALD J. TRUMP",True,trade,,True,trade,,True,,
truth_social:116115155092371431,window,"Illinois is spending hundreds of millions of dollars in trying to BAIL OUT Obama's badly delayed, and tremendously over budget, ""Library."" The neighborhood is ANGRY AS HELL. It is a total disaster!",False,other,,True,taxes_budget,,False,,
truth_social:116115232971162486,window,LOTS OF WINNING!!! President DONALD J. TRUMP,False,other,,False,other,,False,,
truth_social:116137491220241516,window,Trump draws clear midterm battle lines: Patriots vs. 'Hate-triots': https://justthenews.com/government/white-house/midterm-battle-lines-drawn-patriots-vs-hateriots/,False,elections,,False,elections,,False,,
truth_social:116138329055014050,window,"Great news for America, and our wonderful White House! The Judge on the case of what will be the most beautiful Ballroom anywhere in the World, has just thrown out, and completely erased, the effort to stop its construction. As everyone knows, not one dollar of Taxpayer money is being spent, but rather, all money necessary to build this magnificent building is being put up by Patriot Donors and Contributors. The Ballroom construction, which is anticipated to also handle future Inaugurations and large State Visits, is ahead of schedule, and under budget. It will stand long into the future as a symbol to the Greatness of America! PRESIDENT DONALD J. TRUMP",False,courts,,True,taxes_budget,,False,,
truth_social:116143336722246796,window,CBS's Tony Dokoupil Raves About Trump's 'Extraordinary' State Of The Union: https://www.huffpost.com/entry/cbs-tony-dokoupil-trump-state-of-the-union-extraordinary_n_699f20f9e4b01b76c0e313ad,False,media,,False,media,,False,,
truth_social:116143341220933079,window,Trump Promises to Block Immigration from Corrupt Cultures: https://www.breitbart.com/economy/2026/02/24/trump-promise-block-migration-corrupt-countries/,False,border_crime,,False,border_crime,,False,,
truth_social:116162143729203401,window,"The Radical Left Democrats, a Party that has completely lost its way, are complaining bitterly about the very necessary and important attack, by the United States and Israel, on Iran. What most people understand is that they are only complaining BECAUSE I DID IT and, if I didn't do it, they would be screaming — Why didn't ""TRUMP"" attack Iran, he should do it, IMMEDIATELY? There's nothing surprising about this! It's the same people that the other night at The State of the Union Address wouldn't stand for ANYBODY, including a mother who lost her beautiful daughter to an illegal alien, a Great and Brave Helicopter Pilot, who got the Congressional Medal of Honor, or a 100-year-old Veteran Warrior whose Bravery is Legend! The fact is, whatever I do, they will be on the opposite side. These people are SICK, CRAZY, and DEMENTED, but America, despite them all, is now BIGGER, BETTER, AND STRONGER THAN EVER BEFORE. MAKE AMERICA GREAT AGAIN! President DONALD J. TRUMP",True,war,,False,border_crime,,False,,
truth_social:116177614604175225,window,Trump's 'no-nonsense' DC crackdown tops 10k arrests as DOJ declares era of 'unchecked violence is over': https://www.foxnews.com/politics/trumps-no-nonsense-dc-crackdown-tops-10k-arrests-doj-declares-era-unchecked-violence-over,False,border_crime,,False,courts,,False,,
truth_social:116177938351998839,window,"Trump, Zeldin roll back Obama-era climate change rule — cite savings of more than $3,800 per American: https://nypost.com/2026/02/12/us-news/trump-lee-zeldin-announce-largest-deregulatory-action-in-american-history/",True,energy,,False,other,,True,,
truth_social:116211077818747356,window,Harvard should not hire this misfit!https://freebeacon.com/campus/meet-the-next-chair-of-the-harvard-history-dept-who-called-trump-narcissist-white-supremacist-habitual-liar-lunatic/,False,other,,False,other,,False,,
truth_social:116222200536303389,window,"Cuba confirms talks with Trump officials, raising hopes for US deal: https://www.usatoday.com/story/news/world/2026/03/13/cuba-confirms-talks-trump-economic-deal/89132765007/",False,other,,False,other,,False,,
truth_social:116247928951810982,window,STATEHOOD!!! President DJT,False,other,,False,other,,False,,
truth_social:116249435067996399,window,Trump steamrolls over California's anti-fossil fuel crusade to get oil flowing from offshore rigs: https://justthenews.com/politics-policy/energy/trump-steamrolls-over-californias-anti-fossil-fuel-crusade-get-oil-flowing,True,energy,,True,energy,,True,,
truth_social:116273083861419785,window,THE LIES OF ROBERT MUELLER AND HIS CRIMINAL GANG: https://stonezone.com/russian-collusion-lies-recycled-yet-again/,False,courts,,False,other,,False,,
truth_social:116275668825285445,window,"I don't think we should make any deal with the Crazy, Country Destroying, Radical Left Democrats unless, and until, they Vote with Republicans to pass ""THE SAVE AMERICA ACT."" It is far more important than anything else we are doing in the Senate, and that includes giving these same terrible people, the Dems (who are to blame for this mess!), a Five Billion Dollar cut in ICE funding, a deal which, even when disguised as something else, is unacceptable to me and the American people - UNLESS it includes their approval of Voter I.D., (with picture!), Citizenship to Vote, No Mail-In Voting (with exceptions), All Paper Ballots, No Men In Women's Sports, and No Transgender MUTILIZATION of our precious children. Put it all together, and also, let Leader Thune clearly identify those few ""Republicans"" that are Voting against AMERICA. They will never be elected again! In other words, lump everything together as one, and VOTE!!! Kill the Filibuster, and stay in D.C. for Easter, if necessary. MAKE AMERICA GREAT AGAIN! President DJT",False,elections,,False,elections,,False,,
truth_social:116286710096907230,window,"Highly Respected Prime Minister of Hungary, Viktor Orbán, is a truly strong and powerful Leader, with a proven track record of delivering phenomenal results. He fights tirelessly for, and loves, his Great Country and People, just like I do for the United States of America. Viktor works hard to Protect Hungary, Grow the Economy, Create Jobs, Promote Trade, Stop Illegal Immigration, and Ensure LAW AND ORDER! Relations between Hungary and the United States have reached new heights of cooperation and spectacular achievement under my Administration, thanks largely to Prime Minister Orbán. I look forward to continuing working closely with him so that both of our Countries can further advance this tremendous path to SUCCESS and cooperation. I was proud to ENDORSE Viktor for Re-Election in 2022, and am honored to do so again. Election Day is April 12, 2026. Hungary: GET OUT AND VOTE FOR VIKTOR ORBÁN. He is a true friend, fighter, and WINNER, and has my Complete and Total Endorsement for Re-Election as Prime Minister of Hungary — VIKTOR ORBÁN WILL NEVER LET THE GREAT PEOPLE OF HUNGARY DOWN. I AM WITH HIM ALL THE WAY! PRESIDENT DONALD J. TRUMP",False,elections,,False,elections,,False,,
truth_social:116290799193660420,window,"I am so proud of our ICE Patriots! They were unfairly maligned by the Lunatic Democrats for years, and now, at the Airports, in addition to what they are supposed to be doing, they are helping people with bags, even picking up and cleaning areas. They are so proud to be there! The fact is, they shouldn't have to do this, but they are rehabbing a fake image given to them by Radical Left Democrat politicians. The Public is loving ICE, so the Democrats, unwittingly, did us a favor — They are Great American Patriots, they just happen to have much larger, and harder, muscles than most — which is what they're supposed to have. Thank you to ICE for the GREAT job you are doing. America very much appreciates it! President DONALD J. TRUMP",False,border_crime,,False,border_crime,,False,,
truth_social:116293169358563364,window,NY AG Letitia James referred again for criminal prosecution for alleged homeowner insurance fraud: https://justthenews.com/government/courts-law/545ny-ag-letitia-james-referred-again-criminal-prosecution-homeowner,False,courts,,False,courts,,False,,
truth_social:116309192353741463,window,NY AG Letitia James referred again for criminal prosecution for alleged homeowner insurance fraud: https://justthenews.com/government/courts-law/545ny-ag-letitia-james-referred-again-criminal-prosecution-homeowner,False,courts,,False,courts,,False,,
truth_social:116344192713238962,window,"Third rate news ""anchor"" Jonathan Karl of ABC Fake News, the worst and most corrupt Network in the business, wrote another made up book about me where his stories and ""reporting"" bare no relationship to the truth. ABC was already forced to pay me $16,000,000 because of their false and misleading reporting. That was a Liddle' George Slopadopolus error, but Karl is worse. A waste of time - Fictitious quotes. Don't buy the book! President DJT",False,media,,False,media,,False,,
truth_social:116359306864156037,window,"New York City, 1929!",False,other,,False,other,,False,,
truth_social:116365303932078350,window,"It is my Great Honor to endorse Dr. Brian Schmutzler, a MAGA Warrior and REAL Republican running for Indiana's 11th State Senate District, against RINO incumbent Linda Rogers! A Proven Leader, Brian serves his Community as a Highly Respected Anesthesiologist and Medical Director. In the State Senate, he will fight tirelessly to Protect ""Hoosier"" Values, Grow our Economy, Cut Taxes and Regulations, Promote MADE IN THE U.S.A., Champion American Energy DOMINANCE, Stop Migrant Crime, Strengthen our Military/Veterans, Advance Election Integrity, Promote School Choice, and Defend our always under siege Second Amendment. Dr. Brian Schmutzler has my Complete and Total Endorsement to be the next State Senator from Indiana's 11th Senate District. Unlike incumbent Linda Rogers, a ""RINO"" LOSER who has failed the wonderful people of Indiana so badly, DR. BRIAN SCHMUTZLER IS A WINNER WHO WILL NEVER LET YOU DOWN!",False,elections,,False,elections,,False,,
truth_social:116369645448805093,window,Secretary Hegseth and Chairman Caine hold a press briefing on Operation Epic Fury: https://m.youtube.com/live/tG7-hLW0okE?si=42CeLOL2esIAvfQC,True,war,,False,other,,False,,
truth_social:116377358457034052,window,"I am pleased to nominate Benjamin Flowers to serve as Judge on the United States Court of Appeals for the Sixth Circuit in Ohio. Ben is a Highly Respected attorney who served as the Solicitor General of Ohio, where he represented the State before the Ohio Supreme Court, Sixth Circuit, and U.S. Supreme Court. Ben successfully challenged dangerous and unlawful Policies of the Biden Administration. Ben graduated Summa Cum Laude from The Ohio State University, with High Honors from the University of Chicago Law School, and clerked for both Justice Antonin Scalia and Judge Sandra Ikuta. I am confident that Ben will fight for the Great People of Ohio, and strongly uphold the Rule of Law in his new role. Congratulations Ben!",False,courts,,False,courts,,False,,
truth_social:116382563202541274,window,"It is my Honor to nominate Matthew Schwartz to serve as Judge on the United States Court of Appeals for the Second Circuit in New York. Matt graduated with Honors from Princeton University and Columbia Law School, later clerking for Justice Samuel Alito on both the Supreme Court and Third Circuit Court of Appeals. A Partner at Sullivan and Cromwell, Matt has fought fiercely against Lawfare and Government Overreach, representing clients at all levels of Federal and State Judiciaries. Recognized as one of the Sharpest Lawyers in America, Matt will do an incredible job serving the people of New York in this new position. Congratulations Matt!",False,courts,,False,courts,,False,,
truth_social:116386190374675994,window,"The Fake News Media has lost total credibility, not that they had any to begin with. Because of their massive Trump Derangement Syndrome (Sometimes referred to as TDS!), they love saying that Iran is ""winning"" when, in fact, everyone knows that they are LOSING, and LOSING BIG! Their Navy is gone, their Air Force is gone, their Anti Aircraft apparatus is nonexistent, Radar is dead, their Missile and Drone Factories have been largely obliterated along with the Missiles and Drones themselves and, most importantly, their longtime ""Leaders"" are no longer with us, praise be to Allah! The only thing they have going is the threat that a ship may ""bunk"" into one of their sea mines which, by the way, all 28 of their mine dropper boats are also lying at the bottom of the sea. We're now starting the process of clearing out the Strait of Hormuz as a favor to Countries all over the World, including China, Japan, South Korea, France, Germany, and many others. Incredibly, they don't have the Courage or Will to do this work themselves. Very interestingly, however, empty Oil carrying ships from many Nations are all heading to the United States of America to LOAD UP with Oil. Thank you for your attention to this matter! President DONALD J. TRUMP",True,war,,True,energy,,True,,
truth_social:116392655867913780,window,Bruce Springsteen prior to plastic surgery???,False,other,,False,other,,False,,
truth_social:116394704213456431,window,"Pope Leo is WEAK on Crime, and terrible for Foreign Policy. He talks about ""fear"" of the Trump Administration, but doesn't mention the FEAR that the Catholic Church, and all other Christian Organizations, had during COVID when they were arresting priests, ministers, and everybody else, for holding Church Services, even when going outside, and being ten and even twenty feet apart. I like his brother Louis much better than I like him, because Louis is all MAGA. He gets it, and Leo doesn't! I don't want a Pope who thinks it's OK for Iran to have a Nuclear Weapon. I don't want a Pope who thinks it's terrible that America attacked Venezuela, a Country that was sending massive amounts of Drugs into the United States and, even worse, emptying their prisons, including murderers, drug dealers, and killers, into our Country. And I don't want a Pope who criticizes the President of the United States because I'm doing exactly what I was elected, IN A LANDSLIDE, to do, setting Record Low Numbers in Crime, and creating the Greatest Stock Market in History. Leo should be thankful because, as everyone knows, he was a shocking surprise. He wasn't on any list to be Pope, and was only put there by the Church because he was an American, and they thought that would be the best way to deal with President Donald J. Trump. If I wasn't in the White House, Leo wouldn't be in the Vatican. Unfortunately, Leo's Weak on Crime, Weak on Nuclear Weapons, does not sit well with me, nor does the fact that he meets with Obama Sympathizers like David Axelrod, a LOSER from the Left, who is one of those who wanted churchgoers and clerics to be arrested. Leo should get his act together as Pope, use Common Sense, stop catering to the Radical Left, and focus on being a Great Pope, not a Politician. It's hurting him very badly and, more importantly, it's hurting the Catholic Church! President DONALD J. TRUMP",False,other,,True,economy,,False,,
truth_social:116394878579443980,window,"Eric Swalwell paid illegal Brazilian live-in nanny under the table with campaign funds, complaint alleges: https://nypost.com/2026/04/11/us-news/eric-swalwell-paid-illegal-brazilian-live-in-nanny-under-the-table-with-campaign-funds-complaint-alleges/",False,elections,,False,elections,,False,,
truth_social:116400821187586701,window,Wow!!!,False,other,,False,other,,False,,
truth_social:116400917684001165,window,Georgia lawmaker wants Fani Willis to answer questions about $2 million grant from Biden DOJ: https://justthenews.com/accountability/political-ethics/georgia-lawmaker-wants-fani-willis-answer-questions-about-grant,False,courts,,False,courts,,False,,
truth_social:116406729293309103,window,'Abuse of discretion': Appeals court slaps down Judge Boasberg over contempt probe: https://justthenews.com/government/courts-law/appeals-court-shuts-down-boasberg-contempt-investigation,False,courts,,False,courts,,False,,
truth_social:116416177838768498,window,"The out of control Trump Hating, Washington, D.C. District Court Judge, who doesn't want to accept a $400 Million Dollar GIFT of one of the most beautiful Ballrooms anywhere in the World, desperately needed by the White House and its future Presidents (Due to time constraints, I will barely get to use it!), wants me to build the ""underground"" portion of the Ballroom, without the ""above ground"" portion, but the underground doesn't work, isn't necessary, and would indeed be useless, without the above ground sections. The underground portion is wedded to, and serves, the upper portion, including the Bomb Shelters, a State of the Art Hospital and Medical Facilities, Protective Partitioning, Top Secret Military Installations, Structures, and Equipment, Protective Missile Resistant Steel, Columns, Roofs, and Beams, Drone Proof Ceilings and Roofs, Military Grade Venting, and Bullet, Ballistic, and Blast Proof Glass. It's all tied together as one big, expensive, and very complex unit, which is vital for National Security and Military Operations of the United States of America! The Judge's decision, which doesn't even discuss the vital subject of STANDING, of which the plaintiff has none, severely jeopardizes the lives and welfare of the people who work, and will be working, at the White House — including all future Presidents of the United States, and their families. President DONALD J. TRUMP",False,courts,,True,companies,,False,,
truth_social:116416234640313369,window,"Congratulations to Taranjit Sandhu on becoming the new Lt Governor of Delhi! As a seasoned Diplomat and former Ambassador to the United States, he has always shown deep commitment to strengthening the U.S.-India relationship. Wishing him success in leading Delhi's progress, and furthering global ties! President DONALD J. TRUMP",False,other,,False,other,,False,,
truth_social:116416480932586388,window,"Sadly, Mayor Mamdani is DESTROYING New York! It has no chance! The United States of America should not contribute to its failure. It will only get WORSE. The TAX, TAX, TAX Policies are SO WRONG. People are fleeing. They must change their ways, AND FAST. History has proven, THIS ""STUFF"" JUST DOESN'T WORK. Thank you for your attention to this matter! President DJT",False,other,,True,taxes_budget,,False,,
truth_social:116416541127655458,window,"Trump Birthright Citizenship View Rests on Originalism, Not Vibes: https://news.bloomberglaw.com/legal-exchange-insights-and-commentary/trump-birthright-citizenship-view-rests-on-originalism-not-vibes",False,courts,,False,other,,False,,
truth_social:116416955297746034,window,I hope Hezbollah acts nicely and well during this important period of time. It will be an GREAT moment for them if they do. No more killing. Must finally have PEACE! Thank you for your attention to this matter. President DONALD J. TRUMP,False,war,,False,other,,False,,
truth_social:116420038210190121,window,"The U.S.A. is the ""HOTTEST"" Country in the World right now. Just a short time ago, under Sleepy Joe Biden, IT WAS DEAD, LAUGHED AT ALL OVER THE WORLD!!! But not anymore - Nobody's laughing!!! President DJT",False,other,,False,other,,False,,
truth_social:116442964943642737,window,"Never allow the Traitor Democrats like Low IQ person Hakeem Jeffries, or Cryin' Chuck Schumer, or the totally corrupt Fake News Media such as the phony and decaying Wall Street Journal, the Failing New York Times (Subscriptions way down!), or dying ""60 Minutes,"" to demean or criticize Operation Midnight Hammer, which totally obliterated the Nuclear Dust locations to the point where bloodthirsty Iran has been unable to get to it, or dig it out. Space Force has cameras on every inch of the 3 sites that were so brilliantly hit last June! Thank you for your attention to this matter! President DJT",False,war,,True,economy,,False,,
truth_social:116444507618729432,window,"STATEMENT OF PRESIDENT DONALD J. TRUMP:Based on the fact that the Government of Iran is seriously fractured, not unexpectedly so and, upon the request of Field Marshal Asim Munir, and Prime Minister Shehbaz Sharif, of Pakistan, we have been asked to hold our Attack on the Country of Iran until such time as their leaders and representatives can come up with a unified proposal. I have therefore directed our Military to continue the Blockade and, in all other respects, remain ready and able, and will therefore extend the Ceasefire until such time as their proposal is submitted, and discussions are concluded, one way or the other. President DONALD J. TRUMP",True,war,,True,war,,True,,
truth_social:116446189168001047,window,Terrible!https://justthenews.com/accountability/whistleblowers/ided-witness-2-helped-ukraine-whistleblower-worked-strzok-wrote-2016,False,other,,False,other,,False,,
truth_social:116449863099320049,window,Exclusive—'Breaking the Law': Exposé Reveals Biden White House Orchestrated Lawfare Against Trump to Rig 2024 Election: https://www.breitbart.com/politics/2025/08/04/exclusive-breaking-the-law-expose-reveals-biden-white-house-orchestrated-lawfare-against-trump-to-rig-2024-election/,False,courts,,False,elections,,False,,
truth_social:116454250724920799,window,Very true!!! President DJTMarc Thiessen: Trump doesn't need a deal to get what he wants from Iran: https://www.washingtonpost.com/opinions/2026/04/22/trump-best-move-iran-negotiations/,True,war,,False,other,,False,,
truth_social:116477838570626860,window,"Wow, Jimmy Kimmel, who is in no way funny as attested to by his terrible Television Ratings, made a statement on his Show that is really shocking. He showed a fake video of the First Lady, Melania, and our son, Barron, like they were actually sitting in his studio, listening to him speak, which they weren't, and never would be. He then stated, ""Our First Lady, Melania, is here. Look at Melania, so beautiful. Mrs. Trump, you have a glow like an expectant widow."" A day later a lunatic tried entering the ballroom of the White House Correspondents Dinner, loaded up with a shotgun, handgun, and many knives. He was there for a very obvious and sinister reason. I appreciate that so many people are incensed by Kimmel's despicable call to violence, and normally would not be responsive to anything that he said but, this is something far beyond the pale. Jimmy Kimmel should be immediately fired by Disney and ABC. Thank you for your attention to this matter! President DONALD J. TRUMP",True,media,DIS:e,True,companies,DIS:e,False,,DIS:e
truth_social:116501809611050315,window,"To the incredible Patriots in Indiana’s 11th State Senate District: PLEASE GET OUT AND VOTE for a wonderful Candidate, Dr. Brian Schmutzler, a Highly Respected Anesthesiologist, and REAL Republican, who has my Complete and Total Endorsement. Early Voting ends May 4th, and Election Day is May 5th, in this very important Republican Primary for SD-11 — You can win this Election for Brian!

Unlike incumbent Linda Rogers, a “RINO” LOSER, who has failed the tremendous people of Indiana so badly, DR. BRIAN SCHMUTZLER IS A WINNER WHO WILL NEVER LET YOU DOWN. GET OUT AND VOTE FOR DR. BRIAN SCHMUTZLER BY MAY 5TH!

Find your Voting Location at: https://swampthevoteusa.com/indiana/",False,elections,,False,elections,,False,,
truth_social:116507414650995614,window,"I will soon be reviewing the plan that Iran has just sent to us, but can’t imagine that it would be acceptable in that they have not yet paid a big enough price for what they have done to Humanity, and the World, over the last 47 years. Thank you for your attention to this matter! President DONALD J. TRUMP",True,war,,False,other,,False,,
truth_social:116517763130501652,window,"Greg Abbott is the strong and highly respected Governor of Texas, a State I love and WON BIG three times, including with 6.4 Million Votes in 2024 (The most Votes in History, BY FAR)! Thanks to Greg's bold and effective Leadership, the wonderful people of Texas will have the opportunity to elect 5 new MAGA Republicans in the 2026 Midterm Elections with the passage of their new, fair, and much improved, Congressional Map — A BIG WIN for Republicans in The Lone Star State, and across the Country! As Governor, Greg is also fighting tirelessly to Champion Texas Values, Grow the Economy, Cut Taxes and Regulations, Support our Amazing Farmers and Ranchers, Advance MADE IN THE U.S.A., Unleash American Energy Dominance, Promote School Choice, Keep our now very Secure Border, SECURE, Stop Migrant Crime, Murderers, and other Criminals from illegally entering our Country, Ensure LAW AND ORDER, Protect our Brave Military, Veterans, and Law Enforcement, and Defend our always under siege Second Amendment. Greg Abbott has my Complete and Total Endorsement for Re-Election. He is an exceptional Governor and man — HE WILL NEVER LET YOU DOWN!",False,elections,,False,elections,,False,,
truth_social:116517816855483204,window,"""Too Late"" is a DISASTER for America! Interest Rates too high!",True,fed_rates,,True,fed_rates,,True,,
truth_social:116528208383447126,window,"Ted Turner, one of the Greats of All Time, just died. He founded CNN, sold it, and was personally devastated by the Deal because the new ownership took CNN, his ""baby,"" and destroyed it. It became woke, and everything that he is not all about. Maybe the new buyers, wonderful people, will be able to bring it back to its former credibility and glory. Regardless, however, one of the Greats of Broadcast History, and a friend of mine. Whenever I needed him, he was there, always willing to fight for a good cause! President DONALD J. TRUMP",False,media,,False,media,,False,,
truth_social:116547422429575656,window,Pathetic!!!,False,other,,False,other,,False,,
truth_social:116558195264551168,window,"I am pleased to announce the nomination of Antonio Pozos to serve as Judge on the U.S. District Court for the Eastern District of Pennsylvania. A partner at a major Law Firm in Philadelphia, Tony brings great experience to his new role, previously serving as a Federal Prosecutor handling major fraud and corruption cases. Tony clerked for Judge Anthony J. Trenga, and received his J.D. from the University of Michigan Law School, and B.A. from Harvard College. Tony will be a fantastic Federal Judge for the Great People of Pennsylvania. Congratulations Tony!",False,courts,,False,courts,,False,,
truth_social:116559887253123676,window,"The Failing New York Times, which is one of the worst newspapers anywhere in the World, and is losing subscribers on an hourly basis, is now at it again. Just like they covered my Landslide 2024 Presidential Election Victory inaccurately, and without shame, constantly making major mistakes and incorrect predictions at every path along the way, they are now trying to justify Obama and Biden's expensively botched attempt at fixing the long broken, unsightly, and unsanitary Reflecting Pool that NOW sits majesticly between the Washington Monument and the Lincoln Memorial. They squandered at least 55 Million Dollars haplessly trying, with no chance of success, to get the Reflecting Pool to work. Instead, they made it worse, keeping it closed for years, and ending up with a leaking, smelling, ode to both of their failed Administrations. It was and embarrassment to Washington, D.C., and to our Country, itself. Despite the vast sums of money spent, they never got the pool to work, and cosmetically it was a total mess for all to see. Now, along comes ""TRUMP,"" who is asked by many patriots if I can fix it. The answer is a resounding, YES, and for a ""tiny"" fraction of the cost! I worked with our now strong Department of the Interior and explained to them that we should view this as a highly sophisticated swimming pool, not the leaking, dilapidated facade, joints and all, of a building. Instead of taking 4 years to build, at a cost, granite pavers and all, of 400 Million Dollars, we could construct a far superior Reflecting Pool for 5 or 6 Million Dollars, and could complete the project in 2 weeks rather than 4 years. What a difference in time and money, and for a far superior end result! This is not just a paint job, like lowlife ""reporter,"" David Fahrenthold, of the NYT so inaccurately and maliciously stated, it is a deeply complicated work of smart and beautiful construction. It won't leak, it will shine, and be the pride of Washington D.C. for decades to come. I saved more than 390 Million Dollars, and 4 years of no ""mess,"" and was, of course, given no credit by the biased New York Times. Also, I didn't give out the contract, ""Interior"" did, to a contractor I did not know, and have never used before. Thank you for your attention to this matter! President DJT",False,media,,False,elections,,False,,
truth_social:116577975964537452,window,"This is a statue, now standing at Doral, that was commissioned by a large group of political supporters who just wanted a statue of yours truly. I very much appreciate their support, and all that they went through to get it done! They are very good people. Those playing the Blue Monster, at Doral, are absolutely in love with it. Congratulations to all involved. With time, it will become a Landmark! President DJT",False,other,,False,other,,False,,
truth_social:116587648609362496,window,"Bill Cassidy, after falsely using his ""relationship"" with me during his political career, and winning Elections because of it, voted to impeach me on preposterous charges that were fake then, and now, are criminally insane! His disloyalty to the man who got him elected is now a part of legend, and it's nice to see that his political career is OVER! I'd like to thank the Great People of the State of Louisiana, and this Big Victory will only make me work even harder for your success, and all that comes with it. I LOVE YOU ALL. MAKE AMERICA GREAT AGAIN! President DONALD J. TRUMP",False,elections,,False,elections,,False,,
truth_social:116588075000941546,window,"Tom Massie of Kentucky, the worst and most unreliable Republican Congressman in the history of our Country, is an even bigger insult to our Nation than Senator Bill Cassidy of Louisiana, who suffered an unprecedented loss tonight by not even being allowed to run in the Republican Primary. This is the first time such a thing has ever happened to a sitting U.S. Senator! That's what you get by voting to Impeach an innocent man, especially one who made it possible for Cassidy's Senate win. Very disloyal, but Tom Massie, a major Sleazebag, is even worse! Kentucky, get this LOSER out of politics in Tuesday's Election. He is nicknamed Rand Paul Jr., another real ""beauty,"" because of his absolutely terrible voting habits. Vote for Ed Gallrein, a successful Kentucky farmer, and American War Hero, who only ran because he thought that Massie was so disloyal and disrespectful to your President, ME! This is a great man, Central Casting, in fact, who truly deserves to represent the fantastic people of Kentucky, a Commonwealth that I am proud to have won all three times, in record fashion!  ED WILL NEVER LET YOU DOWN. MAKE AMERICA GREAT AGAIN! President DONALD J. TRUMP",False,elections,,True,war,,False,,
truth_social:116596878160158798,window,"Congressman Brett Guthrie is a Tremendous Champion for Kentucky's 2nd Congressional District! As the Chairman of the House Energy and Commerce Committee, Brett is working tirelessly to Advance American Energy DOMINANCE, Create GREAT Jobs, Cut Taxes and Regulations, Promote MADE IN THE U.S.A., and Champion our Nation's Golden Age. A West Point Graduate and U.S. Army Veteran, Brett knows the Wisdom and Courage required to Defend our Country, Support our Brave Military/Veterans, and Ensure PEACE THROUGH STRENGTH. He is also relentlessly focused on helping us Keep our Border SECURE, Stop Migrant Crime, and Protect our always under siege Second Amendment. Brett Guthrie has my Complete and Total Endorsement for Re-Election. Election Day is Tuesday, May 19th. GET OUT AND VOTE FOR BRETT — HE WILL NEVER LET YOU DOWN! Find your Voting Location here: https://swampthevoteusa.com/kentucky/",False,elections,,False,elections,,False,,
truth_social:116596904558108860,window,"Congressman Scott Perry is a tremendous Representative for the Great People of Pennsylvania's 10th Congressional District! A retired Army Brigadier General, Scott is a MAGA Warrior, who always puts AMERICA FIRST. Scott is working tirelessly with me to Keep our Border SECURE, Stop Migrant Crime, Grow our Economy, Strengthen our Military and Veterans, Uphold the Rule of Law, Protect our always under siege Second Amendment, and Ensure PEACE THROUGH STRENGTH. An Original Member of my Pennsylvania Federal Leadership Team, Scott Perry has my Complete and Total Endorsement for Re-Election. Election Day is Tuesday, May 19th. GET OUT AND VOTE FOR SCOTT — HE WILL NEVER LET YOU DOWN! Find your Voting Location here: https://swampthevoteusa.com/pennsylvania/",False,elections,,False,elections,,False,,
truth_social:116607551580410444,window,"Shockingly, Republicans have kept the very important position of ""Parliamentarian"" in the hands of a woman, Elizabeth MacDonough, who was appointed, long ago, by Barack Hussein Obama and a vicious Lunatic known as Senator Harry Reid, who ran the Senate for the Dumocrats with an ""iron fist."" Over the years, she has been brutal to Republicans, but not so to the Dumocrats — So why has she not been replaced? There are many fair people who would be qualified for that vital job. The Republicans play a very soft game compared to the Dumocrats. It is their single biggest disadvantage in politics. The Dumocrats cheat, lie, and steal, especially when it comes to Votes in Elections, but stick together, whereas the Republicans allow the Elizabeth MacDonoughs of the World to stay in power, and brutalize us. We need THE SAVE AMERICA ACT passed, and NOW — And, likewise, kill the Filibuster, which would give us everything! If we don't pass at least one of these two provisions quickly, you will never see another Republican President again. The Dumocrats will end up with 2 additional States, D.C. and Puerto Rico, and all that entails, including 4 Senators, many Congressmen, and many additional Electoral Votes, and they will also get their dream of a packed United States Supreme Court with their most favorite number — 21 Justices. The Dumocrats will eliminate the Filibuster on the First Day that they get an opportunity to do so. The Republicans aren't doing it because they say the Dumocrats will never do it, but the Republicans are WRONG. Get smart and tough Republicans, or you'll all be looking for a job much sooner than you thought possible! President DONALD J. TRUMP",False,elections,,False,elections,,False,,
truth_social:116615022975327653,window,"Big Vote today (48-1!) in the Energy and Commerce Committee on a Bill including The Sunshine Protection Act, which will be making Daylight Saving Time Permanent! This is so important in that Hundreds of Millions of Dollars are spent every year by people, Cities, and States, being forced to change their Clocks. Many of these Clocks are located in Towers, and the cost of renting, or using, Heavy Equipment to do this twice a year is prohibitive! The House will be attaching The Sunshine Protection Act to ""The Highway Bill."" Great work by Troy Nehls, and all of the Members who voted, as well, for Railway Safety. I am going to work very hard to see The Sunshine Protection Act signed into Law. It's time that people can stop worrying about the ""Clock,"" not to mention all of the work and money that is spent on this ridiculous, twice yearly production. It will also be a very nice WIN for the Republican Party. Take it! We are going with the far more popular alternative, Saving Daylight, which gives you a longer, brighter Day — And who can be against that — This is an easy one! Thank you to everyone who supported this important Bill, and especially Chairman Brett Guthrie and Vern Buchanan. President DONALD J. TRUMP",False,other,,False,elections,,False,,
truth_social:116615125212867437,window,"I love the Great State of South Carolina, won every one of my Races there by a landslide, and only want the BEST representing you in Elected Office!There's this RINO Candidate in the Palmetto State named David Pascoe, a lifelong Democrat who previously endorsed Crooked Joe Biden for President, and served as a Biden Co-Chair in South Carolina, who is running in the Republican Primary to be your next Attorney General — Pascoe is a total fraud and phony, and is no friend of our incredible Movement to, MAKE SOUTH CAROLINA, AND AMERICA, GREAT AGAIN!To our amazing South Carolina MAGA Patriots: Please make sure to get out and vote AGAINST ""RINO"" David Pascoe in the June Republican Primary for Attorney General, and make sure he never holds Elected Office again. THANK YOU SOUTH CAROLINA — MAGA2026!",False,elections,,False,elections,,False,,
truth_social:116624935281735015,window,America's love affair with the road endures: https://www.washingtonexaminer.com/opinion/columnists/4570231/america-love-affair-roads-automobiles/,False,other,,False,other,,False,,
truth_social:116624958046118800,window,"Thank you President Erdogan!""President Trump is the leader the world has been awaiting for centuries — He doesn't just talk about strength — He embodies it.""",False,other,,False,other,,False,,
truth_social:116642543193922330,window,"If Iran surrenders, admits their Navy is gone and resting at the bottom of the sea, and their Air Force is no longer with us, and if their entire Military walks out of Tehran, weapons dropped and hands held high, each shouting ""I surrender, I surrender"" while wildly waving the representative White Flag, and if their entire remaining Leadership signs all necessary ""Documents of Surrender,"" and admit their defeat to the great power and force of the magnificent U.S.A., The Failing New York Times, The China Street Journal (WSJ!), Corrupt and now Irrelevant CNN, and all other members of the Fake News Media, will headline that Iran had a Masterful and Brilliant Victory over The United States of America, it wasn't even close. The Dumacrats and Media have totally lost their way. They have gone absolutely CRAZY!!! President DJT",False,media,,True,war,,False,,
truth_social:116647052759264072,window,"Congratulations to the Dumocrat Party! Al Green, one of the most mentally deficient Congressmen in the history of our Country, has lost, in a landslide, his seat in Congress - But I will miss that lunatic not screaming and violently waving his cane at me during my next State of the Union Speech. MAKE AMERICA GREAT AGAIN. GOD BLESS AMERICA!!! President DJT",False,elections,,False,other,,False,,
truth_social:116660051960105935,window,"Highly Respected and very popular Lieutenant Governor of South Carolina, Pam Evette, is an America First Patriot who has been with me from the very beginning. She never wavered, never let me down, and was the only South Carolina Gubernatorial Candidate to Endorse me as soon as I launched my 2024 Presidential Campaign. She crisscrossed South Carolina and other States for me, and I said, at the time, that this is truly something which I cannot forget! Now Pam is running to be the next Governor of South Carolina, a place I love and WON BIG in 2016, 2020, and 2024, getting the Highest Vote, BY FAR, in the State's History. A successful Entrepreneur, Businesswoman, and Civic Leader, prior to becoming a distinguished Lieutenant Governor, and working with my friend, and GREAT Governor, Henry McMaster, Pam has proven she has the Courage and Wisdom to deliver strong results for the people of her wonderful State, and our Nation. As your next Governor, Pam will fight hard to Grow the Economy, Cut Taxes and Regulations, Promote MADE IN THE U.S.A., Champion our Amazing Farmers and Ranchers, Keep our Border SECURE, Stop Migrant Crime, Strengthen our Military/Veterans, Safeguard our Elections, and Protect our always under siege Second Amendment. Pam Evette is a good friend, fighter, and WINNER, and will be a terrific Governor of South Carolina. Pam has my Complete and Total Endorsement — SHE WILL NEVER LET YOU DOWN! A BIG added plus for Pam is that, I hear, Henry McMaster, Jr., the brilliant and very competent son of Henry and Peggy, will be running with her as the next Lieutenant Governor. I LOVE SOUTH CAROLINA! President DONALD J. TRUMP",False,elections,,False,elections,,False,,
truth_social:116678319670541251,window,EPA boss made criminal referrals alleging Democrats 'self-dealing' in lucrative green energy grants: https://justthenews.com/accountability/waste-fraud-and-abuse/epa-boss-made-criminal-referrals-alleging-democrat-self,False,courts,,False,other,,True,,
truth_social:116687849946543138,window,"I'll be going to the G7, in France, immediately following what will be one of the Most Entertaining Nights in American History, the UFC World Championship Fights on the South Lawn of the White House. Records indicate that whilst fights of a much lower level took place at the White House throughout its long and storied History, nothing even close to this, the Greatest Fighters in the World, CHAMPIONS ALL, was even thought of for the People's House! President DONALD J. TRUMP",False,other,TKO:e,False,other,,False,,
truth_social:116694638006168499,window,"I'd like to thank our GREAT Senator, Lindsey Graham, for putting up THE SAVE AMERICA ACT for a Vote today. It states that: 1. ALL VOTERS MUST SHOW PHOTO I.D. (IDENTIFICATION!).2. ALL VOTERS MUST SHOW PROOF OF CITIZENSHIP.3. NO MAIL-IN BALLOTS (EXCEPT FOR ILLNESS, DISABILITY, MILITARY, OR TRAVEL!).4. NO MEN IN WOMEN'S SPORTS.5. NO TRANSGENDER MUTILIZATION SURGERY FOR OUR CHILDREN. This Tuesday, June 9th, all Republicans in South Carolina should vote for Lindsey Graham — HE HAS MY COMPLETE AND TOTAL ENDORSEMENT, AND WILL NOT LET YOU DOWN! President DONALD J. TRUMP",False,elections,,False,elections,,False,,
truth_social:116697988425226966,window,"With a great Jobs Report, like just announced, stocks should go up, not down. That's the way it was for 200 years. Growth does not mean inflation! How else can a Country attain GREATNESS??? President DJT",True,economy,,True,economy,,True,,
truth_social:116716969487041954,window,"Early Voting is underway in the Great State of Georgia, where Highly Respected, and very popular Lieutenant Governor, Burt Jones, is running to be your next Governor. He is a fantastic person, and truly loves the people of Georgia, as do I! As the first member of the Georgia State Assembly to Endorse ""DONALD J. TRUMP"" for President, Burt was strongly committed to my Campaign in 2016, 2020, and 2024, and worked tirelessly to help us WIN. He has been with us from the very beginning. I know his family well, and have seen Burt tested at the most difficult levels and times — He is a WARRIOR, a successful Businessman, former SEC Championship winning Georgia Bulldogs football player (Known for his toughness!), and now, as Lieutenant Governor, Burt has proven he has the Courage and Wisdom to deliver strong results for the incredible people of his wonderful State, and our Nation. As your next Governor, Burt Jones will fight hard to Grow the Economy, Cut Taxes and Regulations, Promote MADE IN THE U.S.A., Champion American Energy DOMINANCE, Keep our Border SECURE, Strengthen our Military/Veterans, Ensure LAW AND ORDER, Advance Election Integrity, and Defend our always under siege Second Amendment. Burt Jones has my Complete and Total Endorsement to be the next Governor of the Wonderful State of Georgia. Early Voting ends Friday, June 12th. Election Day is Tuesday, June 16th. GET OUT AND VOTE FOR BURT — HE WILL NEVER LET YOU DOWN! Find your Voting Location here: https://swampthevoteusa.com/georgia/",False,elections,,False,elections,,False,,
truth_social:116734152330542415,window,"Jamie Raskin, a Loser in Life, who worked endlessly during my First Term to impeach me, and failed miserably, wasting the Country's money, time, and effort, will guaranteed be trying to do it again, despite one of the most successful Presidencies in History. The last one that went after me on Impeachment was a pathetic soul, Al Green, who just lost his race in a landslide to an unknown candidate but, in my opinion, one that had more talent than Raskin. He spent time on the Unselect Committee of Political Hacks and Thugs, and was rebuffed on that, just as he has been rebuffed on Impeachment, and many other things. If Biden didn't give him a pardon, he'd be in jail right now! Something should be done about people like this who do bad things, but always come up on the short end because of their illegal or unscrupulous behavior, and hurt our Country in the process. I agree with Mark Levin when he says to, EXPEL THE BUM. Congress can never be great with people like this, who suffer massively from Trump Derangement Syndrome (TDS), casting their vote of HATE! President DONALD J. TRUMP",False,courts,,False,elections,,False,,
truth_social:116738087808561603,window,"Highly Respected America First Congresswoman, Julia Letlow, of the wonderful State of Louisiana, is a Great Star, has been from the very beginning, and only gets better! Julia is running for the United States Senate in Louisiana, a place I love and WON BIG, six times, including Primaries, in 2016, 2020, and 2024. I know Julia well, have seen her tested at the highest and most difficult levels, and she is a TOTAL WINNER! A Proud Mother of two children, Julia is a wonderful person, has ALWAYS delivered for Louisiana, and would continue doing so in the United States Senate. As your next Senator, Julia will work tirelessly to Grow our Economy, Cut Taxes and Regulations, Support our Amazing Farmers and Fishermen, Champion Louisiana Oil & Gas, Unleash American Energy DOMINANCE, Promote MADE IN THE U.S.A., Keep our Border SECURE, Stop Migrant Crime, Ensure LAW AND ORDER, Strengthen our Military/Veterans, and Protect our always under siege Second Amendment.Early Voting starts today, and the Republican Runoff is Saturday, June 27th. Vote for Julia Letlow — She has my Complete and Total Endorsement, and will never let you down! President DONALD J. TRUMP",False,elections,,False,elections,,False,,
truth_social:116753690331106553,window,"Under the disastrous Open Border Policy of Crooked Joe Biden and his traitorous DHS Secretary Alejandro Mayorkas, TENS OF MILLIONS of criminals, including over 13,000 STONE-COLD MURDERERS, poured into our Country from Prisons and Jails, from Mental Institutions and Insane Asylums. Needless to say, they were NOT always the safest drivers! Car Insurance Premiums rose to RECORD HIGHS, forcing Law-abiding American Citizens to subsidize the ""free riding"" Biden Illegals. After over a year of ZERO ILLEGAL IMMIGRATION, and our highly successful efforts to REVERSE the Biden Invasion, Car Insurance Premiums have come tumbling down. MAKE AMERICA SAFE AGAIN! President DONALD J. TRUMP",False,border_crime,,True,economy,,False,,
truth_social:116763691297203565,window,"Congratulations to Rick Jackson, who very successfully campaigned on being ""TRUMP,"" and won. He will be your next Governor of Georgia. Can't wait! President DJT",False,elections,,False,elections,,False,,
truth_social:116769123459644540,window,Ed Gallrein shows Northern Kentucky what he is made of: https://www.washingtonexaminer.com/opinion/columnists/4551998/ed-gallrein-shows-northern-kentucky-what-he-is-made-of/,False,elections,,False,other,,False,,
truth_social:116793994014541387,window,"Of the MANY Statues and Fountains that we rebuilt, renovated, cleaned, and fixed, the only one that was Vandalized was the Reflecting Pool, which is being taken care of, ASAP! It has been given a 300 foot long gash, chemicals have been illegally placed in the water, and the beautiful new grass field has been destroyed with a gigantic 86 47 chemically carved into it (Probably inspired by Dirty Cop, James Comey!). Please remember that there is a 10 year prison sentence for the destruction, or even the attempted destruction, of such things - Which will be fully enforced! Thank you for your attention to this matter. President DJT",False,other,,False,other,,False,,
truth_social:116796204866042899,window,"It is my Great Honor to endorse MAGA Warrior, Mike LiPetri, who is running to represent the fantastic people of New York's 3rd Congressional District against a Congressman who has proven to be a Radical Left Lunatic, who wants Open Borders, Men playing in Women's Sports, Transgender for Everyone, Defund the Police, and your Guns, forget about them, he wants to take them away — He is against the Second Amendment. His name is Tom Suozzi, and he voted against the Biggest Tax Cut in the History of our Country, including SALT! In addition, using Insider Information that only a Congressman would have, he scandalously made a lot of money playing with Stocks. ""Long Island Representative Tom Suozzi beats Pelosi's stock portfolio performance with 35% return"" — The New York Post. This is not what New York's 3rd Congressional District wants. Frankly, he should be banned from Congress, not running for it! Mike LiPetri, on the other hand, is a very successful Attorney and former New York State Assemblyman, who has dedicated his life to serving his Community. As your next Congressman, Mike will fight tirelessly to Grow our Economy, Advance American Energy DOMINANCE, Cut Taxes and Regulations, Promote MADE IN THE U.S.A., Keep our Border SECURE, Stop Migrant Crime, Ensure LAW AND ORDER, Support our Military, Veterans, and Police, Defend our always under siege Second Amendment, and Ensure PEACE THROUGH STRENGTH. Mike LiPetri has my Complete and Total Endorsement to be the next Representative from New York's 3rd Congressional District. Election Day for the Republican Primary is Tuesday, June 23rd. GET OUT AND VOTE FOR MIKE — HE WILL NEVER LET YOU DOWN! Find your Voting Location here: https://swampthevoteusa.com/new-york/",False,elections,,False,elections,,False,,
truth_social:116825821568797363,window,"Based on a very quick and boring briefing concerning the Magot Hagerman book about me, it is mostly made up, Fake News, largely fiction, as have been most of the things she has written about me for so many years. She is a third rate writer and intellect, who has made a first rate income because of your favorite President, ME. She was wrong about me on the Elections, although she knew I was going to win, BIG! She was wrong about me on the Russia, Russia, Russia Hoax, and she was wrong about me on just about everything else. But she continues to spew out garbage, and people continue to buy it. REMEMBER, I WON THE ELECTION, BIG - ALL SEVEN SWING STATES, THE POPULAR VOTE, 86% of the Counties…And they don't have the audio tapes that they imply they have. Just another Margot Con Job! And Iran will never have a Nuclear Weapon!!! President DONALD J. TRUMP",False,media,,False,elections,,False,,
truth_social:116833138299035157,window,"WTI CRUDE - $69, and heading down. This is less than it was prior to the start of the Denuclearization of Iran! President DJT",True,energy,,True,energy,,True,,
truth_social:116836451044750555,window,"I am pleased to announce the nomination of Jason Manion to the United States Sentencing Commission. Jason is General Counsel and Senior Advisor to the White House Task Force to Eliminate Fraud. He previously served as Counselor to the Attorney General, and was an Assistant U.S. Attorney for the Northern District of Ohio. Jason was also Deputy Solicitor General of Ohio, and clerked for two esteemed Sixth Circuit Judges, Judge Eric Murphy and Judge Alice Batchelder. A Graduate of Harvard Law School, and Thomas Edison State University, Jason will be a voice for Public Safety and Law and Order on the Sentencing Commission. Congratulations Jason! President DONALD J. TRUMP",False,courts,,False,courts,,False,,
truth_social:116847413162359390,window,"Just as I promised, Oil Prices are plummeting FAST, and Gas Prices at the pump are dropping too, but not as fast as they should be. As we approach America's 250th Birthday, I am pleased to announce that a VERY smart Retailer, located throughout the Northeast, is stepping up, and wishing the People of Philadelphia a ""Happy Birthday!"" On July 3rd, the Freedom Fuel Network will be lowering gas prices at 25 ""FREEDOM FUEL"" Stations across the Greater Philadelphia Area. This Retailer is taking the lead, and others should follow. They are doing this because they love the U.S.A. We are proud to celebrate America's 250th Birthday in the Great Commonwealth of Pennsylvania, the Birthplace of our very special, one-of-a-kind Declaration of Independence, and where I won BIG in the Presidential Election! America has never been stronger than it is now, and Gas Prices will soon be back to the Record Low Prices Americans enjoyed at the pump before our very successful ""excursion"" in Iran. Happy Birthday America! President DONALD J. TRUMP",True,energy,,True,energy,,True,,
truth_social:116851640807022172,window,"Today I am declaring a National Scallops Day to celebrate an action taken by the National Oceanic and Atmospheric Administration (NOAA) that will open up the Northern Edge of Georges Bank to Scallops Fishing, fulfilling the dream to our Great Fishermen who were so badly treated by the Obama and Biden Administrations, and by the Country of Canada. That will mean millions more pounds of beautiful Wild Scallops a year on the kitchen table of Americans, and more Jobs in Norfolk, Virginia, Cape May, New Jersey, New Bedford, Massachusetts, and essentially all parts of the East Coast. This is in addition to freeing up a massive area off the East Coast for our Great Lobster Fishermen, and others (An Environmental Monument declared by Barack Hussein Obama and Sleepy Joe Biden, that I terminated!), and a half a million square miles of the beautiful Pacific Ocean, where every country was allowed to fish except for our Great American Fishermen! I have opened up the Oceans, Rivers, Lakes, and Seas to our Fishermen, and freed them from ridiculous Environmental restrictions that allowed other countries to take advantage of the United States' Waters under Barack Hussein Obuma, Sleepy Joe Biden, and the Dumocrats. It is my Great Honor to have done so because I am the Fishermen's Friend — GO OUT AND VOTE REPUBLICAN IN THE MIDTERMS, BECAUSE IF THE COMMUNISTS GET IN, YOU'LL NEVER FISH AGAIN! Thank you for your attention to this matter. President DONALD J. TRUMP",False,other,,False,elections,,False,,
truth_social:116868328903806318,window,"They do this, and the Republican Party is DEAD!Key House caucus leaders target Supreme Court, Senate filibuster: https://www.politico.com/live-updates/2026/06/24/congress/dem-caucuses-target-scotus-00973895",False,courts,,False,elections,,False,,
truth_social:116869233363782138,window,"Dr. John G. Trump, of MIT!",False,other,,False,other,,False,,
truth_social:116877256925065925,window,American Exceptionalism & Manifest Destiny: Trump Gives 4th of July Speech for the Ages on America's 250th Birthday: https://www.breitbart.com/politics/2026/07/04/american-exceptionalism-manifest-destiny-trump-gives-4th-of-july-speech-for-the-ages-on-americas-250th-birthday/,False,other,,False,other,,False,,
truth_social:116886461770041376,window,"Signs and Billboards are being put up all over our Southern Border, and Mexico, advertising BIRTHRIGHT CITIZENSHIP, with ""Deliveries starting at $4000."" Likewise, similar signs going up all over our Country. Billions of Dollars will be illegally made by this SCAM, with Citizenship going to anyone willing to pay. It will be, by far, the number one way of becoming a citizen, and then the entire family will be allowed to follow. Not sustainable. NOBODY SAW THIS COMING!!! AMERICAN CITIZENSHIP IS NOT FOR SALE! In fact, that is a crime, and therefore, the Supreme Court's ruling is wrong. I will be asking for a Rehearing by the United States Supreme Court, IMMEDIATELY. This miscarriage of justice will destroy America if they don't change their absolutely insane decision. Thank you for your attention to this matter! President DONALD J. TRUMP",False,border_crime,,False,courts,,False,,
truth_social:116892765570239312,window,"A very big day in Palm Beach, Florida, where it was my Great Honor to have the Palm Beach International Airport be renamed, by a spectacular vote, The President Donald J. Trump International Airport. The Area is HOT, the Location is GREAT, and the Renovation will be SPECTACULAR. Thank you to all in Palm Beach for your Vote and your Confidence. This will soon be one of the Greatest and Most Spectacular Airports anywhere in the World! President DONALD J. TRUMP",False,other,,False,elections,,False,,
truth_social:116908506444196312,window,"Thank you to Ben Domenech, for all of the great things he has been saying. We're doing well. Our Country has never been stronger, and it's nice to be recognized! More importantly, it is really great that Lindsey Graham is being so respectfully honored — He greatly deserves it! President DONALD J. TRUMP",False,other,,False,other,,False,,
truth_social:116913128333997026,window,"In honor of Senator Lindsey Graham, a big supporter, the U.S. Senate should pass the Clarity Act. China, and many other countries, would like to take complete and total control of this major financial ""happening,"" as well as A.I., where we are now leading, but where they are fighting hard. Don't let China win on either subject!!! President DONALD J. TRUMP",True,crypto,,False,other,,True,,
truth_social:116918672411457945,window,Maria Bartiromo is FANTASTIC!!! President DJT,False,media,,False,other,,False,,
truth_social:116923472077180326,window,"Great News America! The  Dumocrat caused inflation is way down from what it had been, and we will bring it down still further. MAGA!",True,economy,,True,economy,,False,,
truth_social:116923618784603444,window,Sen. Lindsey Graham's presidential relationship emblematic of Trump's willingness to mend fences: https://justthenews.com/government/white-house/graham-was-one-many-hatchets-trumps-hatchet-graveyard-putting-country,False,other,,False,other,,False,,
truth_social:116962896633563415,window,"Roma Daravi, former White House Deputy Comms Director, was great on FoxNews last night, as was Tiffany Brannon. Trace Gallagher is an amazing News Anchor, one of the very best! Get his great new book, @TraceGallagher",False,media,,False,media,,False,,
truth_social:116975606621428184,window,"President Xi, at our recent meeting in Beijing, China, told me that he would not, under any circumstances, give or sell Weapons to the Islamic Republic of Iran — And that statement included Chinese Companies. Considering our relationship, I take him at his word and, besides, l am doing him very big favors, also. Likewise, President Putin, despite the horrible War going on in Ukraine (The relationship remains, as it does with President Zelenskyy), told me that he would not sell Weapons to Iran. He understands that I do not sell Weapons to Ukraine, but to NATO Countries. They pay full price, and how those Weapons are distributed, I have no idea. Therefore, two major Countries that people speak of often in terms of Iran are, in my opinion, not participating. If they did, it would be very bad for them — Certainly not in their best interests. Thank you for your attention to this matter! President DONALD J. TRUMP",True,war,,True,companies,,False,,
truth_social:116994497445449017,window,"NVIDIA and Partners Build in America, for America: https://blogs.nvidia.com/blog/nvidia-and-partners-build-in-america-for-america/",True,companies,NVDA:e,True,companies,NVDA:e,True,,NVDA:e
truth_social:116997858987769069,window,Treasury stopped nearly $100M in taxpayer money from going to dead people after new gov't measure implemented: https://nypost.com/2026/07/21/us-news/treasury-stopped-nearly-100-million-in-taxpayer-money-from-going-to-dead-people/,False,taxes_budget,,False,other,,False,,
truth_social:117011270507732212,window,"Today, the Board of Peace reached a HISTORIC agreement for the COMPLETE DISARMAMENT of Hamas and all other armed groups in Gaza. This is a monumental step toward lasting PEACE and SECURITY.This agreement is a critical step towards Gaza finally being governed by a new Palestinian government that will work closely with the Board of Peace to help the Palestinian people. At the same time, Israel will have the security it deserves, with Gaza no longer used as a base for terror attacks.This is a major milestone in the implementation of the Trump 20-Point Plan. The agreement will be carried out in carefully structured phases. As disarmament is completed, Israeli forces will withdraw, and the International Stabilization Force will work with a new Palestinian police force to take responsibility for Gaza being safe for its residents and its neighbors.One year ago there was a violent raging war, humanitarian crisis and hostages kept in brutal captivity. We have made historic progress and there is still much work to do.I want to thank the mediators—Egypt, Qatar, and Türkiye—for their important efforts, and especially my outstanding team, whose tireless work made this historic breakthrough possible.The threat that emerged from Gaza on October 7 will NOT be allowed to rebuild! Under this agreement, Gaza will finally be in the hands of a new Palestinian government that serves its PEOPLE.CONGRATULATIONS TO ALL ON THIS AMAZING DEVELOPMENT, THAT EVERYBODY SAID COULD NEVER BE ACHIEVED!DONALD J. TRUMPPresident of the United States of America",False,war,,True,war,,True,,
truth_social:117021572940495076,window,"The Triumphal Arch, prior to affixing the magnificent Statues and Artwork!",False,other,,False,other,,False,,
truth_social:117021663417295585,window,"President Trump is fixing our wonderful White House, just like he is fixing our Country!",False,other,,False,other,,False,,
truth_social:117027337618143949,window,"The Winning Shot in the Bedminster Club Championship! Thank you very much to all of those who participated. I won with a score of 70, and am so honored in that, unlike the rest of the field, I'm given very little time to practice, because I'm focused on many other things. It's called TALENT, and I have it, and they don't! President DONALD J. TRUMP",False,other,,False,other,,False,,
truth_social:117031820986118471,window,"My REAL Polling Numbers, not those made up by the Fake News Media, are the best they have ever been, and why wouldn't they be with the biggest tax cuts and employment numbers EVER, the biggest outside Investment in America in World history, a totally secure Border, a giant Victory in Venezuela, the Denuclearization of Iran, unparalleled respect and success throughout the World, and much more? Don't believe the Radical Left's Fake Poll numbers. They are Crooked and Corrupt, just like the Country Destroying Dumocrats are Crooked and Corrupt. VOTE REPUBLICAN FOR GREATNESS IN AMERICA! Thank you for your attention to this matter! President DJT",False,elections,,True,taxes_budget,,False,,
truth_social:117033923287204711,window,"Congressman Morgan Griffith is a Fantastic Advocate for Virginia's 9th Congressional District! As a Member of the POWERFUL House Energy and Commerce Committee, Morgan is working tirelessly to Unleash American Energy DOMINANCE, Create GREAT Jobs, Cut Taxes and Regulations, Promote MADE IN THE U.S.A., and Champion our Nation's Golden Age. He is also relentlessly focused on helping us Keep our Border SECURE, Stop Migrant Crime, Support our Incredible Military/Veterans, and Defend our always under siege Second Amendment. Morgan Griffith has my Complete and Total Endorsement for Re-Election. Election Day is Tuesday, August 4th. GET OUT AND VOTE FOR MORGAN — HE WILL NEVER LET YOU DOWN! Find your Voting Location here: https://swampthevoteusa.com/virginia/",False,elections,,False,elections,,False,,
truth_social:117037742747950916,window,"President Trump celebrates Bedminster club championship, brags little practice was needed to score a 70: https://www.foxnews.com/outkick-sports/president-trump-celebrates-bedminster-club-championship-brags-little-practice-needed-score-70",False,other,,False,other,,False,,
truth_social:117038561113354682,window,"""MAGA"" Megan Degenfelder is running to be the next Governor of the Great State of Wyoming, a place I love and WON BIG in 2016, 2020, and 2024. Megan is fantastic, and strongly supported by many of our Greatest Warriors, including future Senator Harriet Hageman! A Sixth Generation Wyomingite, and Wyoming's very popular Superintendent of Public Instruction, Megan has dedicated her life to serving her Community. As your next Governor, Megan will work tirelessly to Champion Wyoming Values, Promote our Amazing Farmers and Ranchers, Grow our Economy, Cut Taxes and Regulations, Advance MADE IN THE U.S.A., Unleash American Energy DOMINANCE, Keep our Border SECURE, Stop Migrant Crime, Ensure LAW AND ORDER, Support our Brave Military, Veterans, and Law Enforcement, Safeguard our Elections, and Protect our always under siege Second Amendment. Megan Degenfelder has my Complete and Total Endorsement — She is a fantastic person, and will never let you down!",False,elections,,False,elections,,False,,
truth_social:117039604712486897,window,"For many years, the vast Majority of Americans have asked to make Daylight Saving Time permanent, but no Administration has been able to get it done, until now. I am proud to announce that the House of Representatives has passed the Bill, and it has now gone to the Senate for final approval. People are sick and tired of having to change their clocks twice a year. It is foolish, inconvenient and, in some cases, very costly. For Cities and States with Watchtowers, and hard to reach places, it costs Millions of Dollars. A recent case was made that it is also bad for your health in the anxiety it creates. Leading Medical, Crime, and Economic Studies have shown that ceasing the biannual time change, giving us one extra hour of natural sunlight in the evenings, will help Decrease Robbery and Murder Rates, Reduce Car Accidents (especially those involving Pedestrians!), Lower Risk for Cardiac Issues, Stroke, and Seasonal Depression, Make It Safer for Children to Walk Home from School, Increase Time with your Family, Strongly Support Extracurricular Activities, Boost the Sports, Fitness, Tourism, Retail, and Restaurant Industries (and more!), and Save Money on Energy Bills, because everyone will be enjoying an EXTRA HOUR OF DAYLIGHT. In other words, leave it as it is now, and never change again. This is an issue that Republicans, Democrats, and Independents can unite behind. I am asking Republican Senators to release their holds, and allow the hotline to clear on the Republican side. LET'S PASS THE SUNSHINE PROTECTION ACT, ASAP. Thank you for your attention to this matter! President DONALD J. TRUMP",False,other,,True,economy,,True,,
truth_social:117049474518698544,window,"Congressman David Kustoff is a Tremendous Champion for Tennessee's 8th Congressional District! As a former Criminal Prosecutor, David knows the Wisdom and Courage required to uphold our Constitution, and ensure LAW AND ORDER. A true America First Patriot, David is fighting tirelessly to Strengthen our Military, Care for our Brave Veterans, Stand with our Incredible Law Enforcement, Keep our Border SECURE, Stop Migrant Crime, Cut Taxes and Regulations, Promote MADE IN THE U.S.A., Unleash American Energy DOMINANCE, Advance Election Integrity, and Protect our always under siege Second Amendment. David Kustoff has my Complete and Total Endorsement for Re-Election. Election Day for the Republican Primary is TODAY. GET OUT AND VOTE FOR DAVID – HE WILL NEVER LET YOU DOWN! Find your Voting Location here: https://swampthevoteusa.com/tennessee/",False,elections,,False,elections,,False,,
truth_social:117073716512485609,window,"Congressman Tom Emmer is an America First Patriot who is a fantastic Champion for Minnesota's 6th Congressional District! As the Majority Whip of the U.S. House of Representatives, Tom is doing a tremendous job advancing our America First Agenda. He is fighting tirelessly to Grow our Economy, Cut Taxes and Regulations, Promote MADE IN THE U.S.A., Unleash American Energy DOMINANCE, Keep our now Border SECURE, Stop Migrant Crime, Strengthen our Military/Veterans, and Defend our always under siege Second Amendment. Tom Emmer has my Complete and Total Endorsement for Re-Election. Election Day is Tuesday, August 11th. GET OUT AND VOTE FOR TOM — HE WILL NEVER LET YOU DOWN! Find your Voting Location here: https://swampthevoteusa.com/minnesota/",False,elections,,False,elections,,False,,
truth_social:117074029693150145,window,"With great golfer, winner of 158 tournaments, 9 Majors, and 9 Senior Majors, Gary Player!",False,other,,False,other,,False,,
truth_social:117090336099006688,window,"I am looking forward to being back in the Great State of New York tomorrow, where Highly Respected and very popular Nassau County Executive, Bruce Blakeman, is running to be the next Governor! Bruce is MAGA all the way, and has been with me from the very beginning. As Nassau County Executive, he is working tirelessly with the Brave Heroes of ICE, Border Patrol, and Law Enforcement to Keep Our Border SECURE, Stop Migrant Crime, Safeguard our Community, and Ensure LAW AND ORDER. As your next Governor, Bruce will continue to fight hard to Grow the Economy, Cut Taxes, and Regulations, Promote MADE IN THE U.S.A., Champion American Energy DOMINANCE, Strengthen our Military/Veterans, Advance Election Integrity, and Protect our always under siege Second Amendment! Bruce Blakeman is a FANTASTIC guy, will win the big November Election and, without hesitation, has my Complete and Total Endorsement for Governor of the ONCE GREAT STATE OF NEW YORK. BRUCE WILL MAKE IT GREAT AGAIN, AND WILL NEVER LET YOU DOWN! President DONALD J. TRUMP",False,elections,,False,elections,,False,,
truth_social:117105409609794697,window,Biden-era directive for diplomats to peddle DEI on foreign governments scrapped by State Department: https://www.foxnews.com/politics/biden-era-directive-diplomats-peddle-dei-foreign-governments-scrapped-state-department,False,other,,False,other,,False,,
truth_social:117110334410901963,window,"The number one Goal is, and always will be, that Iran cannot have, in any way, shape, or form, a Nuclear Weapon. Thank you for your attention to this matter! President DONALD J. TRUMP",True,war,,True,war,,False,,
truth_social:117110479507145029,window,"Trump Bump: Tax refunds jumped 17% after president's signature law, GAO reports: https://justthenews.com/government/federal-agencies/total-tax-refunds-issued-2025-jumped-17-compared-2024-paper-check",True,taxes_budget,,True,taxes_budget,,False,,
truth_social:117113504909016262,window,"Congressman Carlos Gimenez is doing a fantastic job representing Florida's 28th Congressional District! A Highly Respected Firefighter, Civic Leader, and Mayor of Miami-Dade County, prior to becoming a distinguished Congressman, Carlos has dedicated his life to serving his Community. In Congress, he is working hard to Grow our Economy, Cut Taxes and Regulations, Unleash American Energy DOMINANCE, Promote MADE IN THE U.S.A., Keep our Border SECURE, Stop Migrant Crime, Strengthen our Military/Veterans, Ensure LAW AND ORDER, and Protect our always under siege Second Amendment. Carlos Gimenez has my Complete and Total Endorsement for Re-Election! Election Day is Tuesday, August 18th. GET OUT AND VOTE FOR CARLOS — HE WILL NEVER LET YOU DOWN! Find your Voting Location here: https://swampthevoteusa.com/florida/",False,elections,,False,elections,,False,,
truth_social:117113517318085766,window,"Congresswoman Anna Paulina Luna is an America First Patriot and Tremendous Champion for the wonderful people of Florida's 13th Congressional District! A true MAGA Warrior, Anna is working tirelessly to Grow our Economy, Cut Taxes and Regulations, Promote MADE IN THE U.S.A., Unleash American Energy DOMINANCE, Keep our Border SECURE, Stop Migrant Crime, Support our incredible Military/Veterans, Defend our always under siege Second Amendment, and Ensure PEACE THROUGH STRENGTH. Anna Paulina Luna is a very good friend, fighter, and WINNER, and has my Complete and Total Endorsement for Re-Election! Election Day is Tuesday, August 18th. GET OUT AND VOTE FOR ANNA PAULINA LUNA — SHE WILL NEVER LET YOU DOWN! Find your Voting Location here: https://swampthevoteusa.com/florida/",False,elections,,False,elections,,False,,
truth_social:117118710370504523,window,"I am pleased to nominate Daniel Ballou to serve as Judge on the United States District Court for the Eastern District of Kentucky. Dan is a longtime Circuit Judge for Kentucky's 34th Judicial Circuit. He received his B.A. from the University of Kentucky, and his J.D. from the University of Mississippi School of Law, and previously clerked for Judge Eugene Siler of the U.S. Court of Appeals for the Sixth Circuit. Dan is also a Marine Corps Veteran — A True Patriot! I have no doubt that Daniel Ballou will be a powerful defender of the Rule of Law on the Federal Bench in the GREAT Commonwealth of Kentucky. Congratulations Dan! President DONALD J. TRUMP",False,courts,,False,courts,,False,,
truth_social:117134645458445535,window,"Yes, Democrats Just Passed A Resolution Seeking To Abolish ICE: https://thefederalist.com/2026/08/17/yes-democrats-just-passed-a-resolution-seeking-to-abolish-ice/",False,border_crime,,False,border_crime,,False,,
truth_social:117134649080283243,window,Chinese national arrested for voter fraud after casting ballot in 2024 election: https://www.washingtonexaminer.com/news/4694130/chinese-national-arrested-voter-fraud-casting-ballot-in-2024-election/,False,elections,,False,elections,,False,,
truth_social:117151539756508748,window,Trump's Patience With the Iranian Regime Runs Out: https://amgreatness.com/2026/07/10/trumps-patience-with-the-iranian-regime-runs-out/,True,war,,False,other,,False,,
truth_social:117156902282061140,window,S&P Global: 'US Business Is Booming': https://www.breitbart.com/economy/2026/08/21/biz-is-booming/,True,economy,SPGI:e,True,economy,,True,,
truth_social:117170489559297133,window,Gregg Jarrett was GREAT on Sean Hannity tonight. He really gets it — A total pro! President DJT,False,media,,False,other,,False,,
truth_social:117173823863567245,window,"From Greg Wischer at the United States Department of the Interior: ""So far, 83 statues, monuments, and memorials have been cleaned and fixed. Here are photos of the in-progress cleaning of the Union General George Thomas statue located northeast of the White House.""",False,other,,False,other,,False,,
truth_social:117174463721226014,window,"Laura Ingraham: ""Year-to-date, the goods and services deficit decreased $189.3 billion, or 33.8 percent, from the same period in 2025. Exports increased $198.3 billion or 11.7 percent. Imports increased $9.0 billion or 0.4 percent.""  SO MUCH FOR THE TARRIFFS dragging down the economy — they're doing precisely what they were intended to do — level the playing field so our manufacturing can compete fairly and thrive.  EXCELLENT news!   Exports from January to June of each year: Jan-June 2024:  $1.599 trillionJan-June 2025:  $1.693 trillionJan-June 2026:  $1.891 trillionA tribute to HIM.""",True,trade,,True,trade,,True,,
truth_social:117184423734793149,window,"Trump breaks Big Four meat processor grip, restores ranchers' freedom to process: https://justthenews.com/government/white-house/trump-breaks-big-fours-grip-and-restores-ranchers-freedom-process",True,companies,JBS:i;TSN:i,False,other,,True,,TSN:i
truth_social:117190477440173795,window,"The only reason that communities throughout the U.S.A. should not want Data Centers is if they want to end up being backwards and poor. If they want to be successful and rich, with far lower taxes and jobs all over the place, let Data Reign. The good news is that there are plenty of other places that want them. If we kill the Golden Goose, you will only have yourselves to blame. China could not be happier with this anti Data Center movement. Actually, they can't believe it is happening! President DJT",True,companies,DLR:i;EQIX:i,True,taxes_budget,,False,,
truth_social:117196950497702512,window,"The United States is, as we speak, striking Iranian Targets near the Strait of Hormuz. The strikes are large and powerful, and in retaliation for the Iranians' failed attempt at adding sea mines to the Strait, which currently has no mines (They have been completely removed or detonated!), and the Iranians shooting eight missiles, all successfully knocked down, at our Military Base in Jordan. If the failed Nation of Iran retaliates for this very justified attack, they will be hit again at a much harder and higher level, but it will not be the biggest attack of them all, that is waiting in the wings and, when it is over, there will be very little left of the Islamic Republic of Iran! President DONALD J. TRUMP",True,war,,True,energy,,True,,
truth_social:117197476591086616,window,"Nvidia, Wall Street Firms Strike AI Financing Deal Targeting $500 Billion: https://www.wsj.com/business/deals/nvidia-wall-street-firms-strike-ai-financing-deal-targeting-500-billion-c50377db",True,companies,NVDA:e,True,economy,NVDA:e,True,,NVDA:e
truth_social:117197596651722690,window,Jon Voight stopped by the White House in order to support the Movie and Television Industry in America! President DONALD J. TRUMP,False,other,,False,other,,False,,
truth_social:117204718132251065,window,Miranda Devine: AG Letitia James turns evil eye on Trump — and blind eye to NY crime: https://nypost.com/2026/08/30/opinion/miranda-devine-ag-letitia-james-evil-eye-on-trump-and-blind-eye-to-ny-crime/,False,courts,,False,courts,,False,,
truth_social:117227072729259624,window,"Wow! ""Donald Trump is the Counter Revolution."" Mark Levin and Victor Davis Hanson",False,other,,False,other,,False,,
truth_social:117227309601803941,window,Part 2: Donald Trump is the Counter Revolution:,False,other,,False,other,,False,,
truth_social:117231907664551152,window,US producer prices post largest drop in 14 months; inflation risks still tilted to the upside: https://www.reuters.com/business/us-producer-prices-unexpectedly-fall-june-2026-07-15/,True,economy,,True,economy,,True,,
truth_social:117270347763611160,window,"I hope everyone realizes that price increases throughout America were caused by Sleepy Joe Biden and the Biden Administration, not by ""TRUMP."" Even Oil was higher under Biden than it is right now, and we prevented Iran from having a Nuclear Weapon! With the temporary exception of Oil, prices are coming down sharply, and Oil will drop like a rock as soon as the Military Conflict with Iran is over, and that will not be long. Thank you for your attention to this matter! President DONALD J. TRUMP",True,economy,,True,energy,,True,,
truth_social:117276640394053011,window,"""Undeniable Windfalls: How One Stock Can Change Your Life"" by the Great Charles Payne, of FoxNews, is a fantastic new book. Charles is a true professional, understands what it takes to be successful, and unleash the American Dream. Much less importantly, he is also a great guy! Get your copy today: https://www.undeniablewindfalls.com",False,media,,False,media,,False,,
truth_social:117286503878102441,window,President Trump's Top 250 Victories For People of Faith: https://www.whitehouse.gov/releases/2026/09/president-trumps-top-250-victories-for-people-of-faith/,False,other,,False,other,,False,,
truth_social:117294485458402353,window,TOP 25 TRUMP ACCOMPLISHMENTS OF TERM THREE:,False,other,,False,other,,False,,
truth_social:117301659812842043,window,A great job by very smart Matthew Continetti on Mark Levin. The interview concerned the AI Disaster Hoax. Let it roll!!! President DJT,False,media,,False,courts,,False,,
truth_social:117307260504631667,window,"Trump bans CNN, MSNOW, and Politico from White House: https://justthenews.com/politics-policy/all-things-trump/trump-bans-cnn-msnow-and-politico-white-house",False,media,,False,media,,False,,
truth_social:117310724294153031,window,"As expected, Fake News CNN, Politico (Pay back the 8 Million Dollar contribution made by the U.S. Government to keep them afloat!), and MSNOW (formerly known as MSDNC!), have brought suit to gain access to the White House, and your President, ME! They have drawn a great Judge, for them, a man who ruled in favor of Jim Acosta, who now seems to have disappeared from the Planet. The Judge's name is Tim Kelly, and he was, sadly, appointed by ""TRUMP."" In other words, almost without question and, as usual, we'll go for appeal because Fake News people and publications that only write negatively, and who violate our National Security by writing false and defamatory stories with unknown ""sources,"" shouldn't be allowed access to the most important Office anywhere in the World. It is called the Oval Office, and it should be treated with Decorum, Respect, and Dignity, not defiled by Third Rate Clowns, who purposefully distort, twist, and degrade with everything they write or publish. Virtually every story about me, or anything having to do with me, is negative, wrong and, in many cases, DANGEROUS for our Country! No matter how GREAT my Achievements, they trivialize and demean. The fact is, I won all seven Swing States, the Popular Vote, the Electoral College (312 to 226), and the Counties throughout America by 86%, and yet it is reported that I get 94% bad publicity. With such a Crooked and Corrupt Press, how did I win in such a LANDSLIDE? It is because the Media has NO credibility, and that is a very bad thing for our Nation! Why should I have to give ""access"" to such people? Perhaps Judge Kelly could explain that! In any event, I have an obligation to fight for the Success and Safety of our Country. FAKE NEWS IS A THREAT TO DEMOCRACY, and I will do whatever is necessary to make sure that the U.S.A. thrives. MAKE AMERICA GREAT AGAIN! President DONALD J. TRUMP",False,media,,False,elections,,False,,
truth_social:117316991845409643,window,Agent in Jack Smith case says he was kept in dark that subpoenaed phone data belonged to Congress: https://justthenews.com/accountability/political-ethics/agent-jack-smith-case-says-he-was-kept-dark-subpoenaed-phone-data,False,courts,,False,courts,,False,,
truth_social:117323148147220269,window,"BIG DAY FOR BOEING AND AMERICAN MANUFACTURING! Today, Türkiye and Bangladesh announced purchases totaling 111 Boeing Airplanes—with options for 50 more—following support from Howard Lutnick and the Department of Commerce. TENS of BILLIONS of Dollars in Sales, and huge U.S. Exports, supporting tens of thousands of American Jobs across our Country. The Market is recognizing what Boeing and I have known all along: When you BUILD IN AMERICA, EXPORT FROM AMERICA, and SUPPORT AMERICAN WORKERS, you make your Company stronger. Congratulations to Boeing, and its incredible workforce! President DONALD J. TRUMP",True,companies,BA:e,True,trade,BA:e,True,,BA:e
truth_social:117334612403862517,window,"This is where we send our Killers, Drug Dealers, and Thugs. It's why Murder, and other Crimes in America, is at Record Lows! President DONALD J. TRUMP",False,border_crime,,False,border_crime,,False,,
truth_social:117348443536619757,window,Fauci diary reveals alarm that U.S. had aerosolized Ebola virus: 'Never should have been done': https://justthenews.com/government/congress/fauci-alarmed-over-us-army-ebola-tests-funded-his-own-agency-diary-entries-and,False,other,,False,other,,False,,
truth_social:117348448650549090,window,Two-tiered justice: Local DAs shield noncitizens from immigration consequences: https://justthenews.com/nation/crime/two-tiered-justice-local-das-shield-noncitizens-immigration-consequences,False,border_crime,,False,border_crime,,False,,
truth_social:117348516464234551,window,"Kevin Roberts, Heritage Foundation & Heritage Action President, and also, a fabulous guy, was fantastic on FoxNews this morning. The topic was Fake Polls and how well the Republicans are going to do in the upcoming Midterms. Thank you, Kevin. I'll be out there spending money, and helping every one of them get elected. I won most of these places, often by a landslide. MAGA, pretend I am on the ballot. Don't let them open your Borders, and allow crime to again flourish. KEEP AMERICA GREAT!!! President DJT",False,elections,,False,elections,,False,,
